{"stats":{"minecraft:custom":{"minecraft:jump":12,"minecraft:intelligence":0,"minecraft:time_since_rest":3428,"minecraft:energy":50,"minecraft:blood":0,"minecraft:magic_shield":0,"minecraft:leave_game":1,"minecraft:sprint_one_cm":2175,"minecraft:health":100,"minecraft:play_time":3428,"minecraft:move_speed":0,"minecraft:time_since_death":3428,"minecraft:walk_one_cm":6402,"minecraft:strength":0,"minecraft:sneak_time":11,"minecraft:total_world_time":3428,"minecraft:fall_one_cm":209,"minecraft:fly_one_cm":1022,"minecraft:mana":50,"minecraft:dexterity":0}},"DataVersion":3465}