{"stats":{"minecraft:picked_up":{"lightmanscurrency:coin_copper":9,"minecraft:rotten_flesh":3,"ftbquests:book":1,"minecraft:iron_ingot":5,"minecraft:poppy":3,"lightmanscurrency:coin_iron":9,"minecraft:dirt":20},"minecraft:mined":{"minecraft:grass_block":2,"minecraft:grass":3,"minecraft:dirt_path":3,"minecraft:dirt":4,"minecraft:fern":1},"minecraft:used":{"minecraft:dirt":10},"minecraft:killed":{"minecraft:zombie":2},"minecraft:custom":{"minecraft:time_since_rest":68456,"minecraft:blood":0,"minecraft:magic_shield":0,"minecraft:crouch_one_cm":1712,"minecraft:damage_taken":873,"minecraft:play_time":69629,"minecraft:sprint_one_cm":6739,"minecraft:walk_one_cm":71305,"minecraft:damage_absorbed":524,"minecraft:deaths":1,"minecraft:sneak_time":349,"minecraft:mob_kills":3,"minecraft:drop":2,"minecraft:dexterity":0,"minecraft:damage_dealt_resisted":0,"minecraft:jump":164,"minecraft:intelligence":0,"minecraft:energy":50,"minecraft:damage_dealt":355,"minecraft:health":100,"minecraft:leave_game":1,"minecraft:walk_on_water_one_cm":447,"minecraft:time_since_death":68376,"minecraft:move_speed":0,"minecraft:strength":0,"minecraft:total_world_time":69629,"minecraft:fall_one_cm":5482,"minecraft:fly_one_cm":6949,"minecraft:mana":50},"minecraft:dropped":{"minecraft:poppy":1,"ftbquests:book":1},"minecraft:killed_by":{"minecraft:player":1}},"DataVersion":3465}