{"stats":{"minecraft:picked_up":{"lightmanscurrency:coin_copper":3,"minecraft:rotten_flesh":2,"ftbquests:book":1,"minecraft:iron_ingot":5,"minecraft:poppy":3,"lightmanscurrency:coin_iron":4},"minecraft:mined":{"minecraft:grass":2,"minecraft:fern":1},"minecraft:killed":{"minecraft:zombie":1},"minecraft:custom":{"minecraft:time_since_rest":44456,"minecraft:blood":0,"minecraft:magic_shield":0,"minecraft:crouch_one_cm":1114,"minecraft:damage_taken":546,"minecraft:play_time":45629,"minecraft:sprint_one_cm":5347,"minecraft:walk_one_cm":52076,"minecraft:damage_absorbed":344,"minecraft:deaths":1,"minecraft:sneak_time":251,"minecraft:mob_kills":1,"minecraft:drop":2,"minecraft:dexterity":0,"minecraft:damage_dealt_resisted":0,"minecraft:jump":117,"minecraft:intelligence":0,"minecraft:energy":50,"minecraft:damage_dealt":137,"minecraft:health":100,"minecraft:leave_game":1,"minecraft:walk_on_water_one_cm":447,"minecraft:time_since_death":44376,"minecraft:move_speed":0,"minecraft:strength":0,"minecraft:total_world_time":45629,"minecraft:fall_one_cm":3427,"minecraft:fly_one_cm":6322,"minecraft:mana":50},"minecraft:dropped":{"minecraft:poppy":1,"ftbquests:book":1},"minecraft:killed_by":{"minecraft:player":1}},"DataVersion":3465}