{"stats":{"minecraft:killed_by":{"minecraft:player":1},"minecraft:custom":{"minecraft:time_since_rest":11512,"minecraft:blood":0,"minecraft:magic_shield":0,"minecraft:crouch_one_cm":246,"minecraft:sprint_one_cm":239,"minecraft:deaths":1,"minecraft:play_time":12685,"minecraft:damage_absorbed":263,"minecraft:damage_taken":372,"minecraft:walk_one_cm":16350,"minecraft:sneak_time":44,"minecraft:mob_kills":1,"minecraft:drop":1,"minecraft:damage_dealt_resisted":0,"minecraft:dexterity":0,"minecraft:jump":42,"minecraft:intelligence":0,"minecraft:energy":50,"minecraft:damage_dealt":131,"minecraft:time_since_death":11432,"minecraft:health":100,"minecraft:move_speed":0,"minecraft:strength":0,"minecraft:total_world_time":12685,"minecraft:mana":50,"minecraft:fall_one_cm":2276,"minecraft:fly_one_cm":3095},"minecraft:picked_up":{"lightmanscurrency:coin_copper":3,"minecraft:rotten_flesh":2,"ftbquests:book":1,"minecraft:iron_ingot":5,"minecraft:poppy":2,"lightmanscurrency:coin_iron":4},"minecraft:killed":{"minecraft:zombie":1},"minecraft:dropped":{"ftbquests:book":1},"minecraft:mined":{"minecraft:grass":2,"minecraft:fern":1}},"DataVersion":3465}