{"stats":{"minecraft:killed_by":{"minecraft:player":1},"minecraft:custom":{"minecraft:time_since_rest":23512,"minecraft:blood":0,"minecraft:magic_shield":0,"minecraft:crouch_one_cm":331,"minecraft:sprint_one_cm":2071,"minecraft:deaths":1,"minecraft:play_time":24685,"minecraft:damage_absorbed":270,"minecraft:damage_taken":395,"minecraft:walk_one_cm":19837,"minecraft:sneak_time":65,"minecraft:mob_kills":1,"minecraft:drop":2,"minecraft:damage_dealt_resisted":0,"minecraft:dexterity":0,"minecraft:jump":52,"minecraft:intelligence":0,"minecraft:energy":50,"minecraft:damage_dealt":131,"minecraft:time_since_death":23432,"minecraft:health":100,"minecraft:move_speed":0,"minecraft:strength":0,"minecraft:total_world_time":24685,"minecraft:mana":50,"minecraft:fall_one_cm":3158,"minecraft:fly_one_cm":5451},"minecraft:picked_up":{"lightmanscurrency:coin_copper":3,"minecraft:rotten_flesh":2,"ftbquests:book":1,"minecraft:iron_ingot":5,"minecraft:poppy":3,"lightmanscurrency:coin_iron":4},"minecraft:killed":{"minecraft:zombie":1},"minecraft:dropped":{"minecraft:poppy":1,"ftbquests:book":1},"minecraft:mined":{"minecraft:grass":2,"minecraft:fern":1}},"DataVersion":3465}