{"stats":{"minecraft:killed_by":{"minecraft:player":1},"minecraft:custom":{"minecraft:time_since_rest":15495,"minecraft:blood":0,"minecraft:magic_shield":0,"minecraft:crouch_one_cm":165,"minecraft:sprint_one_cm":1702,"minecraft:walk_one_cm":22767,"minecraft:play_time":18895,"minecraft:damage_taken":435,"minecraft:damage_absorbed":304,"minecraft:deaths":1,"minecraft:sneak_time":31,"minecraft:walk_under_water_one_cm":207,"minecraft:drop":1,"minecraft:dexterity":0,"minecraft:jump":42,"minecraft:intelligence":0,"minecraft:energy":50,"minecraft:damage_dealt":39,"minecraft:walk_on_water_one_cm":788,"minecraft:leave_game":2,"minecraft:health":100,"minecraft:time_since_death":15332,"minecraft:move_speed":0,"minecraft:strength":0,"minecraft:total_world_time":18895,"minecraft:fly_one_cm":2058,"minecraft:fall_one_cm":3454,"minecraft:mana":50},"minecraft:picked_up":{"doggytalents:rice_grains":1,"minecraft:dirt":7,"minecraft:cobblestone":2},"minecraft:dropped":{"ftbquests:book":1}},"DataVersion":3465}