{"stats":{"minecraft:killed_by":{"minecraft:player":1},"minecraft:custom":{"minecraft:time_since_rest":3903,"minecraft:blood":0,"minecraft:magic_shield":0,"minecraft:crouch_one_cm":65,"minecraft:sprint_one_cm":1342,"minecraft:walk_one_cm":13845,"minecraft:play_time":7303,"minecraft:damage_taken":329,"minecraft:damage_absorbed":120,"minecraft:deaths":1,"minecraft:sneak_time":17,"minecraft:walk_under_water_one_cm":207,"minecraft:drop":1,"minecraft:dexterity":0,"minecraft:jump":39,"minecraft:intelligence":0,"minecraft:energy":50,"minecraft:damage_dealt":39,"minecraft:walk_on_water_one_cm":788,"minecraft:leave_game":1,"minecraft:health":100,"minecraft:time_since_death":3740,"minecraft:move_speed":0,"minecraft:strength":0,"minecraft:total_world_time":7303,"minecraft:fly_one_cm":1634,"minecraft:fall_one_cm":3454,"minecraft:mana":50},"minecraft:picked_up":{"doggytalents:rice_grains":1,"minecraft:dirt":7,"minecraft:cobblestone":2},"minecraft:dropped":{"ftbquests:book":1}},"DataVersion":3465}