{"stats":{"minecraft:killed_by":{"minecraft:zombie":1},"minecraft:custom":{"minecraft:jump":34,"minecraft:intelligence":0,"minecraft:time_since_rest":712,"minecraft:energy":50,"minecraft:blood":0,"minecraft:sprint_one_cm":306,"minecraft:magic_shield":0,"minecraft:damage_taken":386,"minecraft:damage_absorbed":245,"minecraft:health":100,"minecraft:play_time":17700,"minecraft:move_speed":0,"minecraft:time_since_death":439,"minecraft:walk_one_cm":11983,"minecraft:strength":0,"minecraft:sneak_time":26,"minecraft:total_world_time":17700,"minecraft:deaths":1,"minecraft:talked_to_villager":2,"minecraft:fly_one_cm":2617,"minecraft:mana":50,"minecraft:dexterity":0,"minecraft:crouch_one_cm":79}},"DataVersion":3465}