{"stats":{"minecraft:custom":{"minecraft:jump":14,"minecraft:intelligence":0,"minecraft:time_since_rest":5700,"minecraft:energy":50,"minecraft:blood":0,"minecraft:magic_shield":0,"minecraft:damage_taken":66,"minecraft:damage_absorbed":82,"minecraft:health":100,"minecraft:play_time":5700,"minecraft:move_speed":0,"minecraft:time_since_death":5700,"minecraft:walk_one_cm":2228,"minecraft:strength":0,"minecraft:total_world_time":5700,"minecraft:fly_one_cm":79,"minecraft:mana":50,"minecraft:dexterity":0}},"DataVersion":3465}