{"stats":{"minecraft:picked_up":{"minecraft:torch":1,"minecraft:wheat_seeds":1,"minecraft:dirt":6},"minecraft:mined":{"minecraft:grass_block":1,"minecraft:dirt_path":1,"minecraft:dirt":4,"minecraft:torch":1},"minecraft:used":{"minecraft:torch":1,"minecraft:dirt":3},"minecraft:custom":{"minecraft:time_since_rest":57477,"minecraft:blood":0,"minecraft:magic_shield":0,"minecraft:crouch_one_cm":1464,"minecraft:walk_one_cm":44794,"minecraft:play_time":74465,"minecraft:sprint_one_cm":6706,"minecraft:damage_taken":649,"minecraft:damage_absorbed":450,"minecraft:deaths":1,"minecraft:sneak_time":216,"minecraft:dexterity":0,"minecraft:jump":114,"minecraft:intelligence":0,"minecraft:energy":50,"minecraft:damage_dealt":82,"minecraft:walk_on_water_one_cm":70,"minecraft:health":100,"minecraft:time_since_death":57204,"minecraft:move_speed":0,"minecraft:strength":0,"minecraft:total_world_time":74465,"minecraft:fly_one_cm":5415,"minecraft:talked_to_villager":2,"minecraft:fall_one_cm":810,"minecraft:mana":50},"minecraft:killed_by":{"minecraft:zombie":1}},"DataVersion":3465}