{"stats":{"minecraft:picked_up":{"minecraft:wheat_seeds":1,"minecraft:dirt":1},"minecraft:custom":{"minecraft:time_since_rest":33477,"minecraft:blood":0,"minecraft:magic_shield":0,"minecraft:crouch_one_cm":1464,"minecraft:walk_one_cm":28943,"minecraft:play_time":50465,"minecraft:sprint_one_cm":6638,"minecraft:damage_taken":552,"minecraft:damage_absorbed":429,"minecraft:deaths":1,"minecraft:sneak_time":216,"minecraft:dexterity":0,"minecraft:jump":74,"minecraft:intelligence":0,"minecraft:energy":50,"minecraft:damage_dealt":36,"minecraft:health":100,"minecraft:time_since_death":33204,"minecraft:move_speed":0,"minecraft:strength":0,"minecraft:total_world_time":50465,"minecraft:fly_one_cm":5166,"minecraft:talked_to_villager":2,"minecraft:fall_one_cm":269,"minecraft:mana":50},"minecraft:killed_by":{"minecraft:zombie":1}},"DataVersion":3465}