{"stats":{"minecraft:killed_by":{"minecraft:zombie":1},"minecraft:custom":{"minecraft:time_since_rest":12712,"minecraft:blood":0,"minecraft:magic_shield":0,"minecraft:crouch_one_cm":79,"minecraft:deaths":1,"minecraft:play_time":29700,"minecraft:sprint_one_cm":972,"minecraft:walk_one_cm":14922,"minecraft:damage_taken":443,"minecraft:damage_absorbed":318,"minecraft:sneak_time":26,"minecraft:dexterity":0,"minecraft:jump":42,"minecraft:intelligence":0,"minecraft:energy":50,"minecraft:damage_dealt":3,"minecraft:health":100,"minecraft:time_since_death":12439,"minecraft:move_speed":0,"minecraft:strength":0,"minecraft:total_world_time":29700,"minecraft:talked_to_villager":2,"minecraft:mana":50,"minecraft:fly_one_cm":3051}},"DataVersion":3465}