{"stats":{"minecraft:custom":{"minecraft:jump":12,"minecraft:intelligence":0,"minecraft:time_since_rest":4615,"minecraft:energy":50,"minecraft:blood":0,"minecraft:magic_shield":0,"minecraft:crouch_one_cm":547,"minecraft:health":100,"minecraft:play_time":4615,"minecraft:move_speed":0,"minecraft:time_since_death":4615,"minecraft:walk_one_cm":7117,"minecraft:strength":0,"minecraft:sneak_time":102,"minecraft:total_world_time":4615,"minecraft:drop":1,"minecraft:mana":50,"minecraft:damage_dealt":201,"minecraft:dexterity":0},"minecraft:picked_up":{"minecraft:charcoal":2,"ftbquests:book":1},"minecraft:dropped":{"ftbquests:book":1},"minecraft:mined":{"minecraft:grass_block":1,"minecraft:campfire":1}},"DataVersion":3465}