{"stats":{"minecraft:killed_by":{"minecraft:villager":1},"minecraft:custom":{"minecraft:time_since_rest":2055,"minecraft:blood":0,"minecraft:magic_shield":0,"minecraft:crouch_one_cm":982,"minecraft:damage_absorbed":86,"minecraft:play_time":16615,"minecraft:deaths":3,"minecraft:damage_taken":893,"minecraft:walk_one_cm":37119,"minecraft:sneak_time":178,"minecraft:walk_under_water_one_cm":1436,"minecraft:drop":1,"minecraft:damage_dealt_resisted":0,"minecraft:dexterity":0,"minecraft:jump":66,"minecraft:intelligence":0,"minecraft:energy":50,"minecraft:damage_dealt":1320,"minecraft:walk_on_water_one_cm":1992,"minecraft:time_since_death":2012,"minecraft:health":100,"minecraft:move_speed":0,"minecraft:strength":0,"minecraft:total_world_time":16615,"minecraft:fly_one_cm":672,"minecraft:fall_one_cm":3204,"minecraft:mana":50,"minecraft:player_kills":2},"minecraft:picked_up":{"minecraft:charcoal":2,"ftbquests:book":2,"minecraft:dirt":1},"minecraft:dropped":{"ftbquests:book":1},"minecraft:mined":{"minecraft:grass":1,"minecraft:grass_block":1,"minecraft:dirt_path":1,"minecraft:campfire":1,"minecraft:tall_grass":2}},"DataVersion":3465}