{"stats":{"minecraft:picked_up":{"minecraft:charcoal":2,"minecraft:gravel":13,"ftbquests:book":2,"minecraft:flint":2,"minecraft:dirt":17},"minecraft:mined":{"minecraft:grass":1,"minecraft:grass_block":7,"minecraft:dirt_path":8,"minecraft:gravel":15,"minecraft:dirt":4,"minecraft:campfire":1,"minecraft:tall_grass":2},"minecraft:custom":{"minecraft:time_since_rest":26755,"minecraft:blood":0,"minecraft:damage_taken":1178,"minecraft:magic_shield":0,"minecraft:crouch_one_cm":1773,"minecraft:play_time":41315,"minecraft:sprint_one_cm":2357,"minecraft:walk_one_cm":73820,"minecraft:deaths":3,"minecraft:damage_absorbed":341,"minecraft:sneak_time":338,"minecraft:walk_under_water_one_cm":4491,"minecraft:drop":1,"minecraft:dexterity":0,"minecraft:damage_dealt_resisted":0,"minecraft:jump":179,"minecraft:intelligence":0,"minecraft:energy":50,"minecraft:damage_dealt":1365,"minecraft:health":100,"minecraft:leave_game":2,"minecraft:move_speed":0,"minecraft:walk_on_water_one_cm":4479,"minecraft:time_since_death":26712,"minecraft:strength":0,"minecraft:total_world_time":41315,"minecraft:fly_one_cm":2921,"minecraft:talked_to_villager":10,"minecraft:fall_one_cm":4243,"minecraft:mana":50,"minecraft:player_kills":2},"minecraft:dropped":{"ftbquests:book":1},"minecraft:killed_by":{"minecraft:villager":1}},"DataVersion":3465}