{"stats":{"minecraft:picked_up":{"minecraft:charcoal":2,"minecraft:gravel":13,"ftbquests:book":2,"minecraft:flint":2,"minecraft:dirt":15},"minecraft:mined":{"minecraft:grass":1,"minecraft:grass_block":7,"minecraft:dirt_path":8,"minecraft:gravel":15,"minecraft:dirt":2,"minecraft:campfire":1,"minecraft:tall_grass":2},"minecraft:custom":{"minecraft:time_since_rest":14755,"minecraft:blood":0,"minecraft:damage_taken":893,"minecraft:magic_shield":0,"minecraft:crouch_one_cm":1467,"minecraft:play_time":29315,"minecraft:sprint_one_cm":2357,"minecraft:walk_one_cm":55857,"minecraft:deaths":3,"minecraft:damage_absorbed":86,"minecraft:sneak_time":309,"minecraft:walk_under_water_one_cm":3866,"minecraft:drop":1,"minecraft:dexterity":0,"minecraft:damage_dealt_resisted":0,"minecraft:jump":110,"minecraft:intelligence":0,"minecraft:energy":50,"minecraft:damage_dealt":1338,"minecraft:health":100,"minecraft:leave_game":2,"minecraft:move_speed":0,"minecraft:walk_on_water_one_cm":2636,"minecraft:time_since_death":14712,"minecraft:strength":0,"minecraft:total_world_time":29315,"minecraft:fly_one_cm":2215,"minecraft:talked_to_villager":10,"minecraft:fall_one_cm":3473,"minecraft:mana":50,"minecraft:player_kills":2},"minecraft:dropped":{"ftbquests:book":1},"minecraft:killed_by":{"minecraft:villager":1}},"DataVersion":3465}