{
  "undergarden:undergarden/root": {
    "criteria": {
      "tick": "2024-10-23 23:25:07 +0000"
    },
    "done": true
  },
  "stellarity:cursed_tome/root": {
    "criteria": {
      "requirement": "2024-10-23 23:25:07 +0000"
    },
    "done": true
  },
  "minecraft:recipes/decorations/crafting_table": {
    "criteria": {
      "unlock_right_away": "2024-10-23 23:25:07 +0000"
    },
    "done": true
  },
  "betterdungeons:root": {
    "criteria": {
      "always": "2024-10-23 23:25:07 +0000"
    },
    "done": true
  },
  "betterdeserttemples:root": {
    "criteria": {
      "always": "2024-10-23 23:25:07 +0000"
    },
    "done": true
  },
  "repurposed_structures:root": {
    "criteria": {
      "always": "2024-10-23 23:25:07 +0000"
    },
    "done": true
  },
  "incendium:technical/new_player": {
    "criteria": {
      "requirement": "2024-10-23 23:25:07 +0000"
    },
    "done": true
  },
  "stellarity:dragons_den/cursed_tome/root": {
    "criteria": {
      "requirement": "2024-10-23 23:25:07 +0000"
    },
    "done": true
  },
  "dungeons_arise:wda_root": {
    "criteria": {
      "WDA": "2024-10-23 23:25:07 +0000"
    },
    "done": true
  },
  "lootr:root": {
    "criteria": {
      "always_true": "2024-10-23 23:25:07 +0000"
    },
    "done": true
  },
  "incendium:technical/using/ragnarok": {
    "criteria": {
      "log_spam_fixer": "2024-10-23 23:25:08 +0000"
    },
    "done": false
  },
  "incendium:technical/using/shield": {
    "criteria": {
      "log_spam_fixer": "2024-10-23 23:25:08 +0000"
    },
    "done": false
  },
  "incendium:technical/scroll_of_returning": {
    "criteria": {
      "log_spam_fixer": "2024-10-23 23:25:08 +0000"
    },
    "done": false
  },
  "incendium:technical/using/trailblazer": {
    "criteria": {
      "log_spam_fixer": "2024-10-23 23:25:08 +0000"
    },
    "done": false
  },
  "mutantmonsters:root": {
    "criteria": {
      "killed_by_something": "2024-10-23 23:26:05 +0000"
    },
    "done": true
  },
  "stellarity:events/on_death": {
    "criteria": {
      "requirement": "2024-10-23 23:26:05 +0000"
    },
    "done": true
  },
  "minecraft:adventure/root": {
    "criteria": {
      "killed_by_something": "2024-10-23 23:26:05 +0000"
    },
    "done": true
  },
  "mimi:recipes/receiver": {
    "criteria": {
      "has_note": "2024-10-23 23:35:15 +0000"
    },
    "done": true
  },
  "mimi:recipes/bottle": {
    "criteria": {
      "has_note": "2024-10-23 23:35:15 +0000"
    },
    "done": true
  },
  "mimi:recipes/xylophone": {
    "criteria": {
      "has_note": "2024-10-23 23:35:15 +0000"
    },
    "done": true
  },
  "mimi:recipes/marimba": {
    "criteria": {
      "has_note": "2024-10-23 23:35:15 +0000"
    },
    "done": true
  },
  "aquaculture:recipes/aquaculture/heavy_hook": {
    "criteria": {
      "has_items": "2024-10-23 23:35:15 +0000"
    },
    "done": true
  },
  "aquaculture:recipes/misc/neptunium_ingot_from_neptunium_block": {
    "criteria": {
      "has_items": "2024-10-23 23:35:15 +0000"
    },
    "done": true
  },
  "mimi:recipes/recorder": {
    "criteria": {
      "has_note": "2024-10-23 23:35:15 +0000"
    },
    "done": true
  },
  "create:root": {
    "criteria": {
      "0": "2024-10-23 23:35:15 +0000"
    },
    "done": true
  },
  "mimi:recipes/drums": {
    "criteria": {
      "has_note": "2024-10-23 23:35:15 +0000"
    },
    "done": true
  },
  "minecraft:recipes/misc/red_dye_from_poppy": {
    "criteria": {
      "has_poppy": "2024-10-23 23:35:15 +0000"
    },
    "done": true
  },
  "mimi:recipes/harpsichord": {
    "criteria": {
      "has_note": "2024-10-23 23:35:15 +0000"
    },
    "done": true
  },
  "mimi:recipes/contrabass": {
    "criteria": {
      "has_note": "2024-10-23 23:35:15 +0000"
    },
    "done": true
  },
  "mimi:recipes/deviceconfig": {
    "criteria": {
      "has_note": "2024-10-23 23:35:15 +0000"
    },
    "done": true
  },
  "mimi:recipes/piccolo": {
    "criteria": {
      "has_note": "2024-10-23 23:35:15 +0000"
    },
    "done": true
  },
  "mimi:recipes/tuningtable": {
    "criteria": {
      "has_note": "2024-10-23 23:35:15 +0000"
    },
    "done": true
  },
  "mimi:recipes/clarinet": {
    "criteria": {
      "has_note": "2024-10-23 23:35:15 +0000"
    },
    "done": true
  },
  "mimi:recipes/banjo": {
    "criteria": {
      "has_note": "2024-10-23 23:35:15 +0000"
    },
    "done": true
  },
  "crabbersdelight:main/root": {
    "criteria": {
      "seeds": "2024-10-23 23:35:15 +0000"
    },
    "done": true
  },
  "mimi:recipes/ocarina": {
    "criteria": {
      "has_note": "2024-10-23 23:35:15 +0000"
    },
    "done": true
  },
  "mimi:recipes/keyboard": {
    "criteria": {
      "has_note": "2024-10-23 23:35:15 +0000"
    },
    "done": true
  },
  "aquaculture:recipes/decorations/acacia_fish_mount": {
    "criteria": {
      "has_items": "2024-10-23 23:35:15 +0000"
    },
    "done": true
  },
  "mimi:recipes/piano": {
    "criteria": {
      "has_note": "2024-10-23 23:35:15 +0000"
    },
    "done": true
  },
  "aquaculture:recipes/aquaculture/light_hook": {
    "criteria": {
      "has_items": "2024-10-23 23:35:15 +0000"
    },
    "done": true
  },
  "mimi:recipes/frenchhorn": {
    "criteria": {
      "has_note": "2024-10-23 23:35:15 +0000"
    },
    "done": true
  },
  "mimi:recipes/flute": {
    "criteria": {
      "has_note": "2024-10-23 23:35:15 +0000"
    },
    "done": true
  },
  "mimi:recipes/guide": {
    "criteria": {
      "has_note": "2024-10-23 23:35:15 +0000"
    },
    "done": true
  },
  "aquaculture:recipes/tools/iron_fishing_rod": {
    "criteria": {
      "has_vanilla_rod": "2024-10-23 23:35:15 +0000"
    },
    "done": true
  },
  "mimi:recipes/woodblock": {
    "criteria": {
      "has_note": "2024-10-23 23:35:15 +0000"
    },
    "done": true
  },
  "mimi:recipes/mechanicalmaestro": {
    "criteria": {
      "has_note": "2024-10-23 23:35:15 +0000"
    },
    "done": true
  },
  "solapplepie:recipes/food_book": {
    "criteria": {
      "has_potato": "2024-10-23 23:35:15 +0000",
      "has_book": "2024-10-23 23:35:15 +0000"
    },
    "done": true
  },
  "aquaculture:recipes/decorations/oak_fish_mount": {
    "criteria": {
      "has_items": "2024-10-23 23:35:15 +0000"
    },
    "done": true
  },
  "mimi:recipes/transmitter": {
    "criteria": {
      "has_note": "2024-10-23 23:35:15 +0000"
    },
    "done": true
  },
  "mimi:recipes/synlead": {
    "criteria": {
      "has_note": "2024-10-23 23:35:15 +0000"
    },
    "done": true
  },
  "aquaculture:recipes/aquaculture/double_hook": {
    "criteria": {
      "has_items": "2024-10-23 23:35:15 +0000"
    },
    "done": true
  },
  "mimi:recipes/transmitterblock": {
    "criteria": {
      "has_note": "2024-10-23 23:35:15 +0000"
    },
    "done": true
  },
  "aquaculture:recipes/aquaculture/fishing_line": {
    "criteria": {
      "has_items": "2024-10-23 23:35:15 +0000"
    },
    "done": true
  },
  "aquaculture:recipes/aquaculture/iron_hook": {
    "criteria": {
      "has_items": "2024-10-23 23:35:15 +0000"
    },
    "done": true
  },
  "aquaculture:recipes/misc/jellyfish_to_slimeball": {
    "criteria": {
      "has_items": "2024-10-23 23:35:15 +0000"
    },
    "done": true
  },
  "aquaculture:recipes/tools/diamond_fishing_rod": {
    "criteria": {
      "has_vanilla_rod": "2024-10-23 23:35:15 +0000"
    },
    "done": true
  },
  "mimi:recipes/glockenspiel": {
    "criteria": {
      "has_note": "2024-10-23 23:35:15 +0000"
    },
    "done": true
  },
  "minecraft:adventure/kill_a_mob": {
    "criteria": {
      "minecraft:zombie": "2024-10-23 23:35:15 +0000"
    },
    "done": true
  },
  "mimi:recipes/celesta": {
    "criteria": {
      "has_note": "2024-10-23 23:35:15 +0000"
    },
    "done": true
  },
  "aquaculture:recipes/misc/tin_can_to_iron_nugget": {
    "criteria": {
      "has_items": "2024-10-23 23:35:15 +0000"
    },
    "done": true
  },
  "mimi:recipes/panflute": {
    "criteria": {
      "has_note": "2024-10-23 23:35:15 +0000"
    },
    "done": true
  },
  "mimi:recipes/harmonica": {
    "criteria": {
      "has_note": "2024-10-23 23:35:15 +0000"
    },
    "done": true
  },
  "aquaculture:recipes/decorations/birch_fish_mount": {
    "criteria": {
      "has_items": "2024-10-23 23:35:15 +0000"
    },
    "done": true
  },
  "mimi:recipes/elecguitar": {
    "criteria": {
      "has_note": "2024-10-23 23:35:15 +0000"
    },
    "done": true
  },
  "aquaculture:recipes/misc/iron_nugget_from_smelting": {
    "criteria": {
      "has_fishing_rod": "2024-10-23 23:35:15 +0000",
      "has_fillet_knife": "2024-10-23 23:35:15 +0000"
    },
    "done": true
  },
  "aquaculture:recipes/tools/golden_fishing_rod": {
    "criteria": {
      "has_vanilla_rod": "2024-10-23 23:35:15 +0000"
    },
    "done": true
  },
  "aquaculture:recipes/misc/gold_nugget_from_smelting": {
    "criteria": {
      "has_fishing_rod": "2024-10-23 23:35:15 +0000",
      "has_fillet_knife": "2024-10-23 23:35:15 +0000"
    },
    "done": true
  },
  "mimi:recipes/harp": {
    "criteria": {
      "has_note": "2024-10-23 23:35:15 +0000"
    },
    "done": true
  },
  "minecraft:adventure/kill_all_mobs": {
    "criteria": {
      "minecraft:zombie": "2024-10-23 23:35:15 +0000"
    },
    "done": false
  },
  "aquaculture:recipes/misc/bonemeal_from_fish_bones": {
    "criteria": {
      "has_items": "2024-10-23 23:35:15 +0000"
    },
    "done": true
  },
  "mimi:recipes/tuba": {
    "criteria": {
      "has_note": "2024-10-23 23:35:15 +0000"
    },
    "done": true
  },
  "mimi:recipes/cello": {
    "criteria": {
      "has_note": "2024-10-23 23:35:15 +0000"
    },
    "done": true
  },
  "mimi:recipes/violin": {
    "criteria": {
      "has_note": "2024-10-23 23:35:15 +0000"
    },
    "done": true
  },
  "mimi:recipes/bassoon": {
    "criteria": {
      "has_note": "2024-10-23 23:35:15 +0000"
    },
    "done": true
  },
  "aquaculture:recipes/misc/brown_mushroom_from_fish": {
    "criteria": {
      "has_items": "2024-10-23 23:35:15 +0000"
    },
    "done": true
  },
  "mimi:recipes/bagpipe": {
    "criteria": {
      "has_note": "2024-10-23 23:35:15 +0000"
    },
    "done": true
  },
  "mimi:recipes/vibraphone": {
    "criteria": {
      "has_note": "2024-10-23 23:35:15 +0000"
    },
    "done": true
  },
  "aquaculture:recipes/misc/neptinium_ingot_from_blasting": {
    "criteria": {
      "has_leggings": "2024-10-23 23:35:15 +0000",
      "has_axe": "2024-10-23 23:35:15 +0000",
      "has_helmet": "2024-10-23 23:35:15 +0000",
      "has_fishing_rod": "2024-10-23 23:35:15 +0000",
      "has_bow": "2024-10-23 23:35:15 +0000",
      "has_chestplate": "2024-10-23 23:35:15 +0000",
      "has_sword": "2024-10-23 23:35:15 +0000",
      "has_fillet_knife": "2024-10-23 23:35:15 +0000",
      "has_shovel": "2024-10-23 23:35:15 +0000",
      "has_hoe": "2024-10-23 23:35:15 +0000",
      "has_boots": "2024-10-23 23:35:15 +0000",
      "has_pickaxe": "2024-10-23 23:35:15 +0000"
    },
    "done": true
  },
  "mimi:recipes/ledcube_a": {
    "criteria": {
      "has_note": "2024-10-23 23:35:15 +0000"
    },
    "done": true
  },
  "mimi:recipes/ledcube_b": {
    "criteria": {
      "has_note": "2024-10-23 23:35:15 +0000"
    },
    "done": true
  },
  "mimi:recipes/ledcube_c": {
    "criteria": {
      "has_note": "2024-10-23 23:35:15 +0000"
    },
    "done": true
  },
  "mimi:recipes/ledcube_d": {
    "criteria": {
      "has_note": "2024-10-23 23:35:15 +0000"
    },
    "done": true
  },
  "mimi:recipes/ledcube_e": {
    "criteria": {
      "has_note": "2024-10-23 23:35:15 +0000"
    },
    "done": true
  },
  "mimi:recipes/ledcube_f": {
    "criteria": {
      "has_note": "2024-10-23 23:35:15 +0000"
    },
    "done": true
  },
  "mimi:recipes/ledcube_g": {
    "criteria": {
      "has_note": "2024-10-23 23:35:15 +0000"
    },
    "done": true
  },
  "mimi:recipes/ledcube_h": {
    "criteria": {
      "has_note": "2024-10-23 23:35:15 +0000"
    },
    "done": true
  },
  "aquaculture:recipes/decorations/dark_oak_fish_mount": {
    "criteria": {
      "has_items": "2024-10-23 23:35:15 +0000"
    },
    "done": true
  },
  "mimi:recipes/steeldrum": {
    "criteria": {
      "has_note": "2024-10-23 23:35:15 +0000"
    },
    "done": true
  },
  "aquaculture:recipes/aquaculture/diamond_hook": {
    "criteria": {
      "has_items": "2024-10-23 23:35:15 +0000"
    },
    "done": true
  },
  "aquaculture:recipes/food/sushi": {
    "criteria": {
      "has_alt_items": "2024-10-23 23:35:15 +0000",
      "has_items": "2024-10-23 23:35:15 +0000"
    },
    "done": true
  },
  "mimi:recipes/trumpet": {
    "criteria": {
      "has_note": "2024-10-23 23:35:15 +0000"
    },
    "done": true
  },
  "mimi:recipes/acguitar": {
    "criteria": {
      "has_note": "2024-10-23 23:35:15 +0000"
    },
    "done": true
  },
  "mimi:recipes/kalimba": {
    "criteria": {
      "has_note": "2024-10-23 23:35:15 +0000"
    },
    "done": true
  },
  "aquaculture:recipes/misc/red_mushroom_from_fish": {
    "criteria": {
      "has_items": "2024-10-23 23:35:15 +0000"
    },
    "done": true
  },
  "aquaculture:recipes/building_blocks/planks_from_driftwood": {
    "criteria": {
      "has_items": "2024-10-23 23:35:15 +0000"
    },
    "done": true
  },
  "mimi:recipes/listener": {
    "criteria": {
      "has_note": "2024-10-23 23:35:15 +0000"
    },
    "done": true
  },
  "mimi:recipes/musicbox": {
    "criteria": {
      "has_note": "2024-10-23 23:35:15 +0000"
    },
    "done": true
  },
  "aquaculture:recipes/aquaculture/worm_farm": {
    "criteria": {
      "has_items": "2024-10-23 23:35:15 +0000"
    },
    "done": true
  },
  "mimi:recipes/saxophone": {
    "criteria": {
      "has_note": "2024-10-23 23:35:15 +0000"
    },
    "done": true
  },
  "mimi:recipes/timpani": {
    "criteria": {
      "has_note": "2024-10-23 23:35:15 +0000"
    },
    "done": true
  },
  "mimi:recipes/ledcube_a_def": {
    "criteria": {
      "has_note": "2024-10-23 23:35:15 +0000"
    },
    "done": true
  },
  "aquaculture:recipes/aquaculture/note_hook": {
    "criteria": {
      "has_items": "2024-10-23 23:35:15 +0000"
    },
    "done": true
  },
  "aquaculture:recipes/food/cooked_fish_fillet_from_campfire": {
    "criteria": {
      "has_items": "2024-10-23 23:35:15 +0000"
    },
    "done": true
  },
  "mimi:recipes/prophet": {
    "criteria": {
      "has_note": "2024-10-23 23:35:15 +0000"
    },
    "done": true
  },
  "mimi:recipes/viola": {
    "criteria": {
      "has_note": "2024-10-23 23:35:15 +0000"
    },
    "done": true
  },
  "aquaculture:recipes/aquaculture/gold_hook": {
    "criteria": {
      "has_items": "2024-10-23 23:35:15 +0000"
    },
    "done": true
  },
  "aquaculture:recipes/decorations/spruce_fish_mount": {
    "criteria": {
      "has_items": "2024-10-23 23:35:15 +0000"
    },
    "done": true
  },
  "mimi:recipes/bassguitar": {
    "criteria": {
      "has_note": "2024-10-23 23:35:15 +0000"
    },
    "done": true
  },
  "aquaculture:recipes/misc/tin_can_to_iron_nugget_from_blasting": {
    "criteria": {
      "has_items": "2024-10-23 23:35:15 +0000"
    },
    "done": true
  },
  "mimi:recipes/relay": {
    "criteria": {
      "has_note": "2024-10-23 23:35:15 +0000"
    },
    "done": true
  },
  "mimi:recipes/microphone": {
    "criteria": {
      "has_note": "2024-10-23 23:35:15 +0000"
    },
    "done": true
  },
  "mimi:recipes/organ": {
    "criteria": {
      "has_note": "2024-10-23 23:35:15 +0000"
    },
    "done": true
  },
  "aquaculture:recipes/aquaculture/redstone_hook": {
    "criteria": {
      "has_items": "2024-10-23 23:35:15 +0000"
    },
    "done": true
  },
  "aquaculture:recipes/misc/gold_nugget_from_blasting": {
    "criteria": {
      "has_fishing_rod": "2024-10-23 23:35:15 +0000",
      "has_fillet_knife": "2024-10-23 23:35:15 +0000"
    },
    "done": true
  },
  "aquaculture:recipes/aquaculture/bobber": {
    "criteria": {
      "has_items": "2024-10-23 23:35:15 +0000"
    },
    "done": true
  },
  "aquaculture:recipes/misc/gold_nugget_from_gold_fish": {
    "criteria": {
      "has_items": "2024-10-23 23:35:15 +0000"
    },
    "done": true
  },
  "mimi:recipes/effectemitter": {
    "criteria": {
      "has_note": "2024-10-23 23:35:15 +0000"
    },
    "done": true
  },
  "aquaculture:recipes/food/cooked_fish_fillet_from_smoking": {
    "criteria": {
      "has_items": "2024-10-23 23:35:15 +0000"
    },
    "done": true
  },
  "mimi:recipes/oboe": {
    "criteria": {
      "has_note": "2024-10-23 23:35:15 +0000"
    },
    "done": true
  },
  "farmersdelight:main/root": {
    "criteria": {
      "seeds": "2024-10-23 23:35:15 +0000"
    },
    "done": true
  },
  "mimi:recipes/accordion": {
    "criteria": {
      "has_note": "2024-10-23 23:35:15 +0000"
    },
    "done": true
  },
  "aquaculture:recipes/food/cooked_fish_fillet": {
    "criteria": {
      "has_items": "2024-10-23 23:35:15 +0000"
    },
    "done": true
  },
  "mimi:recipes/handbell": {
    "criteria": {
      "has_note": "2024-10-23 23:35:15 +0000"
    },
    "done": true
  },
  "mimi:recipes/trombone": {
    "criteria": {
      "has_note": "2024-10-23 23:35:15 +0000"
    },
    "done": true
  },
  "aquaculture:recipes/misc/neptunium_ingot_from_nuggets": {
    "criteria": {
      "has_items": "2024-10-23 23:35:15 +0000"
    },
    "done": true
  },
  "mimi:recipes/edrums": {
    "criteria": {
      "has_note": "2024-10-23 23:35:15 +0000"
    },
    "done": true
  },
  "aquaculture:recipes/misc/iron_nugget_from_blasting": {
    "criteria": {
      "has_fishing_rod": "2024-10-23 23:35:15 +0000",
      "has_fillet_knife": "2024-10-23 23:35:15 +0000"
    },
    "done": true
  },
  "mimi:recipes/tubularbells": {
    "criteria": {
      "has_note": "2024-10-23 23:35:15 +0000"
    },
    "done": true
  },
  "aquaculture:recipes/decorations/jungle_fish_mount": {
    "criteria": {
      "has_items": "2024-10-23 23:35:15 +0000"
    },
    "done": true
  },
  "deeperdarker:recipes/transportation/echo_boat": {
    "criteria": {
      "in_water": "2024-10-23 23:57:41 +0000"
    },
    "done": true
  },
  "undergarden:recipes/transportation/grongle_boat": {
    "criteria": {
      "in_water": "2024-10-23 23:57:41 +0000"
    },
    "done": true
  },
  "minecraft:recipes/transportation/cherry_boat": {
    "criteria": {
      "in_water": "2024-10-23 23:57:41 +0000"
    },
    "done": true
  },
  "minecraft:recipes/transportation/acacia_boat": {
    "criteria": {
      "in_water": "2024-10-23 23:57:41 +0000"
    },
    "done": true
  },
  "minecraft:recipes/transportation/jungle_boat": {
    "criteria": {
      "in_water": "2024-10-23 23:57:41 +0000"
    },
    "done": true
  },
  "minecraft:recipes/transportation/spruce_boat": {
    "criteria": {
      "in_water": "2024-10-23 23:57:41 +0000"
    },
    "done": true
  },
  "minecraft:recipes/transportation/mangrove_boat": {
    "criteria": {
      "in_water": "2024-10-23 23:57:41 +0000"
    },
    "done": true
  },
  "undergarden:recipes/transportation/smogstem_boat": {
    "criteria": {
      "in_water": "2024-10-23 23:57:41 +0000"
    },
    "done": true
  },
  "minecraft:recipes/transportation/dark_oak_boat": {
    "criteria": {
      "in_water": "2024-10-23 23:57:41 +0000"
    },
    "done": true
  },
  "minecraft:recipes/transportation/bamboo_raft": {
    "criteria": {
      "in_water": "2024-10-23 23:57:41 +0000"
    },
    "done": true
  },
  "minecraft:recipes/transportation/birch_boat": {
    "criteria": {
      "in_water": "2024-10-23 23:57:41 +0000"
    },
    "done": true
  },
  "minecraft:recipes/transportation/oak_boat": {
    "criteria": {
      "in_water": "2024-10-23 23:57:41 +0000"
    },
    "done": true
  },
  "undergarden:recipes/transportation/wigglewood_boat": {
    "criteria": {
      "in_water": "2024-10-23 23:57:41 +0000"
    },
    "done": true
  },
  "lightmanscurrency:recipes/misc/traders/large_vending_machine/dye_light_blue": {
    "criteria": {
      "money": "2024-10-24 00:20:19 +0000"
    },
    "done": true
  },
  "lightmanscurrency:recipes/misc/traders/card_display/bamboo/cyan": {
    "criteria": {
      "money": "2024-10-24 00:20:19 +0000"
    },
    "done": true
  },
  "lightmanscurrency:recipes/misc/coins/coin_netherite_from_pile": {
    "criteria": {
      "money": "2024-10-24 00:20:19 +0000"
    },
    "done": true
  },
  "lightmanscurrency:recipes/misc/traders/card_display/jungle/yellow": {
    "criteria": {
      "money": "2024-10-24 00:20:19 +0000"
    },
    "done": true
  },
  "lightmanscurrency:recipes/misc/traders/card_display/spruce/cyan": {
    "criteria": {
      "money": "2024-10-24 00:20:19 +0000"
    },
    "done": true
  },
  "lightmanscurrency:recipes/misc/traders/shelf/jungle": {
    "criteria": {
      "money": "2024-10-24 00:20:19 +0000"
    },
    "done": true
  },
  "lightmanscurrency:recipes/misc/traders/card_display/dark_oak/magenta": {
    "criteria": {
      "money": "2024-10-24 00:20:19 +0000"
    },
    "done": true
  },
  "lightmanscurrency:recipes/misc/coins/coinpile_emerald_from_block": {
    "criteria": {
      "money": "2024-10-24 00:20:19 +0000"
    },
    "done": true
  },
  "lightmanscurrency:recipes/misc/traders/shelf/cherry": {
    "criteria": {
      "money": "2024-10-24 00:20:19 +0000"
    },
    "done": true
  },
  "lightmanscurrency:recipes/misc/traders/card_display/warped/red": {
    "criteria": {
      "money": "2024-10-24 00:20:19 +0000"
    },
    "done": true
  },
  "lightmanscurrency:recipes/misc/traders/large_vending_machine/dye_gray": {
    "criteria": {
      "money": "2024-10-24 00:20:19 +0000"
    },
    "done": true
  },
  "lightmanscurrency:recipes/misc/coins/coinpile_netherite_from_coin": {
    "criteria": {
      "money": "2024-10-24 00:20:19 +0000"
    },
    "done": true
  },
  "lightmanscurrency:recipes/misc/traders/card_display/dark_oak/purple": {
    "criteria": {
      "money": "2024-10-24 00:20:19 +0000"
    },
    "done": true
  },
  "lightmanscurrency:recipes/misc/traders/vending_machine/dye_purple": {
    "criteria": {
      "money": "2024-10-24 00:20:19 +0000"
    },
    "done": true
  },
  "lightmanscurrency:recipes/misc/traders/card_display/crimson/green": {
    "criteria": {
      "money": "2024-10-24 00:20:19 +0000"
    },
    "done": true
  },
  "doggytalents:recipes/combat/sussy_sickle": {
    "criteria": {
      "has_iron_ingot": "2024-10-24 00:01:42 +0000"
    },
    "done": true
  },
  "lightmanscurrency:recipes/misc/traders/card_display/acacia/brown": {
    "criteria": {
      "money": "2024-10-24 00:20:19 +0000"
    },
    "done": true
  },
  "lightmanscurrency:recipes/misc/traders/card_display/warped/white": {
    "criteria": {
      "money": "2024-10-24 00:20:19 +0000"
    },
    "done": true
  },
  "lightmanscurrency:recipes/misc/traders/card_display/warped/light_gray": {
    "criteria": {
      "money": "2024-10-24 00:20:19 +0000"
    },
    "done": true
  },
  "minecraft:recipes/combat/iron_helmet": {
    "criteria": {
      "has_iron_ingot": "2024-10-24 00:01:42 +0000"
    },
    "done": true
  },
  "lightmanscurrency:recipes/misc/traders/shelf2/acacia": {
    "criteria": {
      "money": "2024-10-24 00:20:19 +0000"
    },
    "done": true
  },
  "lightmanscurrency:recipes/misc/traders/card_display/dark_oak/cyan": {
    "criteria": {
      "money": "2024-10-24 00:20:19 +0000"
    },
    "done": true
  },
  "lightmanscurrency:recipes/misc/traders/shelf/crimson": {
    "criteria": {
      "money": "2024-10-24 00:20:19 +0000"
    },
    "done": true
  },
  "handcrafted:recipes/misc/hammer": {
    "criteria": {
      "has_hammer": "2024-10-24 00:01:42 +0000"
    },
    "done": true
  },
  "lightmanscurrency:recipes/misc/wallet/upgrade_wallet_iron_to_wallet_netherite": {
    "criteria": {
      "coin": "2024-10-24 00:20:19 +0000"
    },
    "done": true
  },
  "doggytalents:recipes/tools/whistle": {
    "criteria": {
      "has_iron_ingot": "2024-10-24 00:01:42 +0000"
    },
    "done": true
  },
  "supplementaries:recipes/candle_holders/candle_holder_gray": {
    "criteria": {
      "has_iron_ingot": "2024-10-24 00:01:42 +0000"
    },
    "done": true
  },
  "doggytalents:recipes/decorations/propeller_hat": {
    "criteria": {
      "has_iron_ingot": "2024-10-24 00:01:42 +0000"
    },
    "done": true
  },
  "lightmanscurrency:recipes/misc/traders/card_display/mangrove/blue": {
    "criteria": {
      "money": "2024-10-24 00:20:19 +0000"
    },
    "done": true
  },
  "lightmanscurrency:recipes/misc/traders/card_display/warped/cyan": {
    "criteria": {
      "money": "2024-10-24 00:20:19 +0000"
    },
    "done": true
  },
  "lightmanscurrency:recipes/misc/traders/card_display/crimson/cyan": {
    "criteria": {
      "money": "2024-10-24 00:20:19 +0000"
    },
    "done": true
  },
  "lightmanscurrency:recipes/misc/traders/card_display/warped/green": {
    "criteria": {
      "money": "2024-10-24 00:20:19 +0000"
    },
    "done": true
  },
  "supplementaries:recipes/candle_holders/candle_holder_light_gray": {
    "criteria": {
      "has_iron_ingot": "2024-10-24 00:01:42 +0000"
    },
    "done": true
  },
  "lightmanscurrency:recipes/misc/traders/card_display/mangrove/lime": {
    "criteria": {
      "money": "2024-10-24 00:20:19 +0000"
    },
    "done": true
  },
  "create:recipes/misc/crafting/materials/andesite_alloy": {
    "criteria": {
      "has_item": "2024-10-24 00:01:42 +0000"
    },
    "done": true
  },
  "lightmanscurrency:recipes/misc/traders/shelf/warped": {
    "criteria": {
      "money": "2024-10-24 00:20:19 +0000"
    },
    "done": true
  },
  "lightmanscurrency:recipes/misc/traders/shelf2/dark_oak": {
    "criteria": {
      "money": "2024-10-24 00:20:19 +0000"
    },
    "done": true
  },
  "lightmanscurrency:recipes/misc/traders/card_display/warped/black": {
    "criteria": {
      "money": "2024-10-24 00:20:19 +0000"
    },
    "done": true
  },
  "minecolonies:recipes/misc/chainmailleggings": {
    "criteria": {
      "has_iron": "2024-10-24 00:01:42 +0000"
    },
    "done": true
  },
  "lightmanscurrency:recipes/coin_mint/coin_mint/melt_coin_gold": {
    "criteria": {
      "money": "2024-10-24 00:20:19 +0000"
    },
    "done": true
  },
  "lightmanscurrency:recipes/misc/wallet/upgrade_wallet_emerald_to_wallet_diamond": {
    "criteria": {
      "coin": "2024-10-24 00:20:19 +0000"
    },
    "done": true
  },
  "lightmanscurrency:recipes/misc/traders/bookshelf/bamboo": {
    "criteria": {
      "money": "2024-10-24 00:20:19 +0000"
    },
    "done": true
  },
  "mcwbridges:recipes/iron_bridge_pier": {
    "criteria": {
      "has_planks": "2024-10-24 00:01:42 +0000"
    },
    "done": true
  },
  "lightmanscurrency:recipes/misc/traders/freezer/light_blue": {
    "criteria": {
      "money": "2024-10-24 00:20:19 +0000"
    },
    "done": true
  },
  "lightmanscurrency:recipes/misc/wallet/upgrade_wallet_copper_to_wallet_emerald": {
    "criteria": {
      "coin": "2024-10-24 00:20:19 +0000"
    },
    "done": true
  },
  "lightmanscurrency:recipes/misc/upgrades/speed_upgrade_1": {
    "criteria": {
      "money": "2024-10-24 00:20:19 +0000"
    },
    "done": true
  },
  "lightmanscurrency:recipes/misc/upgrades/speed_upgrade_2": {
    "criteria": {
      "money": "2024-10-24 00:20:19 +0000"
    },
    "done": true
  },
  "lightmanscurrency:recipes/misc/upgrades/speed_upgrade_3": {
    "criteria": {
      "money": "2024-10-24 00:20:19 +0000"
    },
    "done": true
  },
  "lightmanscurrency:recipes/misc/upgrades/speed_upgrade_4": {
    "criteria": {
      "money": "2024-10-24 00:20:19 +0000"
    },
    "done": true
  },
  "lightmanscurrency:recipes/misc/upgrades/speed_upgrade_5": {
    "criteria": {
      "money": "2024-10-24 00:20:19 +0000"
    },
    "done": true
  },
  "lightmanscurrency:recipes/misc/traders/shelf/dark_oak": {
    "criteria": {
      "money": "2024-10-24 00:20:19 +0000"
    },
    "done": true
  },
  "lightmanscurrency:recipes/misc/wallet/upgrade_wallet_copper_to_wallet_netherite": {
    "criteria": {
      "coin": "2024-10-24 00:20:19 +0000"
    },
    "done": true
  },
  "betterarcheology:recipes/recipe_iron_brush": {
    "criteria": {
      "has_item": "2024-10-24 00:01:42 +0000"
    },
    "done": true
  },
  "chimes:recipes/decorations/iron_chimes": {
    "criteria": {
      "has_wood_slabs": "2024-10-24 00:01:42 +0000"
    },
    "done": true
  },
  "minecraft:recipes/redstone/hopper": {
    "criteria": {
      "has_iron_ingot": "2024-10-24 00:01:42 +0000"
    },
    "done": true
  },
  "lightmanscurrency:recipes/misc/traders/card_display/warped/brown": {
    "criteria": {
      "money": "2024-10-24 00:20:19 +0000"
    },
    "done": true
  },
  "lightmanscurrency:recipes/misc/traders/display_case": {
    "criteria": {
      "money": "2024-10-24 00:20:19 +0000"
    },
    "done": true
  },
  "lightmanscurrency:recipes/misc/coins/coinpile_emerald_from_coin": {
    "criteria": {
      "money": "2024-10-24 00:20:19 +0000"
    },
    "done": true
  },
  "lightmanscurrency:recipes/misc/coins/coinpile_gold_from_coin": {
    "criteria": {
      "money": "2024-10-24 00:20:19 +0000"
    },
    "done": true
  },
  "lightmanscurrency:recipes/misc/portable_atm_swap": {
    "criteria": {
      "money": "2024-10-24 00:20:19 +0000"
    },
    "done": true
  },
  "lightmanscurrency:recipes/misc/coins/coinpile_diamond_from_block": {
    "criteria": {
      "money": "2024-10-24 00:20:19 +0000"
    },
    "done": true
  },
  "supplementaries:recipes/candle_holders/candle_holder_orange": {
    "criteria": {
      "has_iron_ingot": "2024-10-24 00:01:42 +0000"
    },
    "done": true
  },
  "lightmanscurrency:recipes/misc/traders/card_display/acacia/cyan": {
    "criteria": {
      "money": "2024-10-24 00:20:19 +0000"
    },
    "done": true
  },
  "lightmanscurrency:recipes/misc/traders/card_display/bamboo/red": {
    "criteria": {
      "money": "2024-10-24 00:20:19 +0000"
    },
    "done": true
  },
  "minecraft:recipes/combat/iron_boots": {
    "criteria": {
      "has_iron_ingot": "2024-10-24 00:01:42 +0000"
    },
    "done": true
  },
  "lightmanscurrency:recipes/coin_mint/coin_mint/melt_coin_diamond": {
    "criteria": {
      "money": "2024-10-24 00:20:19 +0000"
    },
    "done": true
  },
  "lightmanscurrency:recipes/misc/traders/vending_machine/dye_pink": {
    "criteria": {
      "money": "2024-10-24 00:20:19 +0000"
    },
    "done": true
  },
  "lightmanscurrency:recipes/misc/wallet/wallet_diamond": {
    "criteria": {
      "coin": "2024-10-24 00:20:19 +0000"
    },
    "done": true
  },
  "lightmanscurrency:recipes/misc/traders/card_display/crimson/magenta": {
    "criteria": {
      "money": "2024-10-24 00:20:19 +0000"
    },
    "done": true
  },
  "lightmanscurrency:recipes/decorations/coin_jar/blue": {
    "criteria": {
      "money": "2024-10-24 00:20:19 +0000"
    },
    "done": true
  },
  "lightmanscurrency:recipes/misc/traders/large_vending_machine/dye_purple": {
    "criteria": {
      "money": "2024-10-24 00:20:19 +0000"
    },
    "done": true
  },
  "lightmanscurrency:recipes/misc/traders/card_display/oak/gray": {
    "criteria": {
      "money": "2024-10-24 00:20:19 +0000"
    },
    "done": true
  },
  "lightmanscurrency:recipes/misc/traders/card_display/birch/yellow": {
    "criteria": {
      "money": "2024-10-24 00:20:19 +0000"
    },
    "done": true
  },
  "lightmanscurrency:recipes/misc/traders/card_display/acacia/yellow": {
    "criteria": {
      "money": "2024-10-24 00:20:19 +0000"
    },
    "done": true
  },
  "lightmanscurrency:recipes/misc/traders/large_vending_machine/dye_pink": {
    "criteria": {
      "money": "2024-10-24 00:20:19 +0000"
    },
    "done": true
  },
  "supplementaries:recipes/candle_holders/candle_holder_red": {
    "criteria": {
      "has_iron_ingot": "2024-10-24 00:01:42 +0000"
    },
    "done": true
  },
  "lightmanscurrency:recipes/misc/traders/freezer/red": {
    "criteria": {
      "money": "2024-10-24 00:20:19 +0000"
    },
    "done": true
  },
  "lightmanscurrency:recipes/misc/traders/bookshelf/crimson": {
    "criteria": {
      "money": "2024-10-24 00:20:19 +0000"
    },
    "done": true
  },
  "supplementaries:recipes/bubble_blower": {
    "criteria": {
      "has_iron_ingot": "2024-10-24 00:01:42 +0000"
    },
    "done": true
  },
  "lightmanscurrency:recipes/misc/traders/vending_machine/dye_light_gray": {
    "criteria": {
      "money": "2024-10-24 00:20:19 +0000"
    },
    "done": true
  },
  "lightmanscurrency:recipes/misc/traders/card_display/spruce/light_gray": {
    "criteria": {
      "money": "2024-10-24 00:20:19 +0000"
    },
    "done": true
  },
  "lightmanscurrency:recipes/misc/traders/large_vending_machine/dye_brown": {
    "criteria": {
      "money": "2024-10-24 00:20:19 +0000"
    },
    "done": true
  },
  "lightmanscurrency:recipes/misc/wallet/upgrade_wallet_gold_to_wallet_netherite": {
    "criteria": {
      "coin": "2024-10-24 00:20:19 +0000"
    },
    "done": true
  },
  "lightmanscurrency:recipes/misc/auction_stand/oak": {
    "criteria": {
      "money": "2024-10-24 00:20:19 +0000"
    },
    "done": true
  },
  "lightmanscurrency:recipes/misc/traders/shelf2/warped": {
    "criteria": {
      "money": "2024-10-24 00:20:19 +0000"
    },
    "done": true
  },
  "lightmanscurrency:recipes/misc/traders/card_display/dark_oak/gray": {
    "criteria": {
      "money": "2024-10-24 00:20:19 +0000"
    },
    "done": true
  },
  "lightmanscurrency:recipes/misc/traders/card_display/crimson/light_gray": {
    "criteria": {
      "money": "2024-10-24 00:20:19 +0000"
    },
    "done": true
  },
  "lightmanscurrency:recipes/misc/traders/card_display/crimson/brown": {
    "criteria": {
      "money": "2024-10-24 00:20:19 +0000"
    },
    "done": true
  },
  "mcwbridges:recipes/iron_bridge": {
    "criteria": {
      "has_planks": "2024-10-24 00:01:42 +0000"
    },
    "done": true
  },
  "minecraft:recipes/redstone/iron_trapdoor": {
    "criteria": {
      "has_iron_ingot": "2024-10-24 00:01:42 +0000"
    },
    "done": true
  },
  "lightmanscurrency:recipes/misc/traders/card_display/spruce/magenta": {
    "criteria": {
      "money": "2024-10-24 00:20:19 +0000"
    },
    "done": true
  },
  "lightmanscurrency:recipes/misc/traders/card_display/cherry/orange": {
    "criteria": {
      "money": "2024-10-24 00:20:19 +0000"
    },
    "done": true
  },
  "lightmanscurrency:recipes/misc/traders/card_display/warped/gray": {
    "criteria": {
      "money": "2024-10-24 00:20:19 +0000"
    },
    "done": true
  },
  "lightmanscurrency:recipes/misc/traders/card_display/bamboo/light_blue": {
    "criteria": {
      "money": "2024-10-24 00:20:19 +0000"
    },
    "done": true
  },
  "lightmanscurrency:recipes/misc/coins/coinpile_copper_from_coin": {
    "criteria": {
      "money": "2024-10-24 00:20:19 +0000",
      "coin": "2024-10-24 00:20:19 +0000"
    },
    "done": true
  },
  "lightmanscurrency:recipes/misc/coin_chest": {
    "criteria": {
      "money": "2024-10-24 00:20:19 +0000"
    },
    "done": true
  },
  "lightmanscurrency:recipes/misc/traders/card_display/crimson/gray": {
    "criteria": {
      "money": "2024-10-24 00:20:19 +0000"
    },
    "done": true
  },
  "farmersdelight:recipes/combat/iron_knife": {
    "criteria": {
      "has_iron_ingot": "2024-10-24 00:01:42 +0000"
    },
    "done": true
  },
  "supplementaries:recipes/candle_holders/candle_holder_magenta": {
    "criteria": {
      "has_iron_ingot": "2024-10-24 00:01:42 +0000"
    },
    "done": true
  },
  "lightmanscurrency:recipes/misc/traders/card_display/cherry/light_gray": {
    "criteria": {
      "money": "2024-10-24 00:20:19 +0000"
    },
    "done": true
  },
  "lightmanscurrency:recipes/misc/traders/freezer/yellow": {
    "criteria": {
      "money": "2024-10-24 00:20:19 +0000"
    },
    "done": true
  },
  "lightmanscurrency:recipes/misc/traders/card_display/dark_oak/yellow": {
    "criteria": {
      "money": "2024-10-24 00:20:19 +0000"
    },
    "done": true
  },
  "lightmanscurrency:recipes/misc/wallet/upgrade_wallet_copper_to_wallet_diamond": {
    "criteria": {
      "coin": "2024-10-24 00:20:19 +0000"
    },
    "done": true
  },
  "lightmanscurrency:recipes/misc/auction_stand/warped": {
    "criteria": {
      "money": "2024-10-24 00:20:19 +0000"
    },
    "done": true
  },
  "lightmanscurrency:recipes/misc/auction_stand/acacia": {
    "criteria": {
      "money": "2024-10-24 00:20:19 +0000"
    },
    "done": true
  },
  "lightmanscurrency:recipes/misc/wallet/upgrade_wallet_iron_to_wallet_emerald": {
    "criteria": {
      "coin": "2024-10-24 00:20:19 +0000"
    },
    "done": true
  },
  "lightmanscurrency:recipes/misc/terminal_swap": {
    "criteria": {
      "money": "2024-10-24 00:20:19 +0000"
    },
    "done": true
  },
  "lightmanscurrency:recipes/misc/traders/card_display/dark_oak/pink": {
    "criteria": {
      "money": "2024-10-24 00:20:19 +0000"
    },
    "done": true
  },
  "lightmanscurrency:recipes/misc/traders/card_display/acacia/gray": {
    "criteria": {
      "money": "2024-10-24 00:20:19 +0000"
    },
    "done": true
  },
  "lightmanscurrency:recipes/misc/traders/card_display/birch/white": {
    "criteria": {
      "money": "2024-10-24 00:20:19 +0000"
    },
    "done": true
  },
  "undergarden:recipes/tools/catalyst": {
    "criteria": {
      "has_iron": "2024-10-24 00:01:42 +0000"
    },
    "done": true
  },
  "minecraft:recipes/combat/iron_chestplate": {
    "criteria": {
      "has_iron_ingot": "2024-10-24 00:01:42 +0000"
    },
    "done": true
  },
  "lightmanscurrency:recipes/misc/traders/shelf2/cherry": {
    "criteria": {
      "money": "2024-10-24 00:20:19 +0000"
    },
    "done": true
  },
  "lightmanscurrency:recipes/misc/traders/vending_machine/dye_gray": {
    "criteria": {
      "money": "2024-10-24 00:20:19 +0000"
    },
    "done": true
  },
  "lightmanscurrency:recipes/misc/traders/card_display/spruce/purple": {
    "criteria": {
      "money": "2024-10-24 00:20:19 +0000"
    },
    "done": true
  },
  "minecraft:recipes/misc/iron_nugget": {
    "criteria": {
      "has_iron_ingot": "2024-10-24 00:01:42 +0000"
    },
    "done": true
  },
  "lightmanscurrency:recipes/misc/traders/large_vending_machine/washing": {
    "criteria": {
      "money": "2024-10-24 00:20:19 +0000"
    },
    "done": true
  },
  "lightmanscurrency:recipes/misc/traders/bookshelf/spruce": {
    "criteria": {
      "money": "2024-10-24 00:20:19 +0000"
    },
    "done": true
  },
  "lightmanscurrency:recipes/misc/traders/card_display/jungle/purple": {
    "criteria": {
      "money": "2024-10-24 00:20:19 +0000"
    },
    "done": true
  },
  "minecraft:recipes/misc/bucket": {
    "criteria": {
      "has_iron_ingot": "2024-10-24 00:01:42 +0000"
    },
    "done": true
  },
  "lightmanscurrency:recipes/misc/traders/card_display/birch/light_blue": {
    "criteria": {
      "money": "2024-10-24 00:20:19 +0000"
    },
    "done": true
  },
  "lightmanscurrency:recipes/misc/traders/card_display/birch/green": {
    "criteria": {
      "money": "2024-10-24 00:20:19 +0000"
    },
    "done": true
  },
  "supplementaries:recipes/faucet": {
    "criteria": {
      "has_iron_ingot": "2024-10-24 00:01:42 +0000"
    },
    "done": true
  },
  "lightmanscurrency:recipes/misc/traders/slot_machine": {
    "criteria": {
      "money": "2024-10-24 00:20:19 +0000"
    },
    "done": true
  },
  "lightmanscurrency:recipes/coin_mint/coin_mint/mint_coin_iron": {
    "criteria": {
      "money": "2024-10-24 00:20:19 +0000"
    },
    "done": true
  },
  "lightmanscurrency:recipes/misc/traders/card_display/oak/cyan": {
    "criteria": {
      "money": "2024-10-24 00:20:19 +0000"
    },
    "done": true
  },
  "lightmanscurrency:recipes/misc/wallet/upgrade_wallet_copper_to_wallet_iron": {
    "criteria": {
      "coin": "2024-10-24 00:20:19 +0000"
    },
    "done": true
  },
  "supplementaries:recipes/candle_holders/candle_holder_pink": {
    "criteria": {
      "has_iron_ingot": "2024-10-24 00:01:42 +0000"
    },
    "done": true
  },
  "lightmanscurrency:recipes/misc/traders/card_display/warped/purple": {
    "criteria": {
      "money": "2024-10-24 00:20:19 +0000"
    },
    "done": true
  },
  "lightmanscurrency:recipes/misc/traders/card_display/dark_oak/light_blue": {
    "criteria": {
      "money": "2024-10-24 00:20:19 +0000"
    },
    "done": true
  },
  "lightmanscurrency:recipes/misc/traders/vending_machine/washing": {
    "criteria": {
      "money": "2024-10-24 00:20:19 +0000"
    },
    "done": true
  },
  "sophisticatedstorage:recipes/misc/upgrade_base": {
    "criteria": {
      "has_iron_ingot": "2024-10-24 00:01:42 +0000"
    },
    "done": true
  },
  "lightmanscurrency:recipes/misc/traders/card_display/birch/black": {
    "criteria": {
      "money": "2024-10-24 00:20:19 +0000"
    },
    "done": true
  },
  "minecraft:story/smelt_iron": {
    "criteria": {
      "iron": "2024-10-24 00:01:42 +0000"
    },
    "done": true
  },
  "supplementaries:recipes/candle_holders/candle_holder_white": {
    "criteria": {
      "has_iron_ingot": "2024-10-24 00:01:42 +0000"
    },
    "done": true
  },
  "lightmanscurrency:recipes/misc/traders/bookshelf/jungle": {
    "criteria": {
      "money": "2024-10-24 00:20:19 +0000"
    },
    "done": true
  },
  "lightmanscurrency:recipes/misc/traders/vending_machine/dye_magenta": {
    "criteria": {
      "money": "2024-10-24 00:20:19 +0000"
    },
    "done": true
  },
  "lightmanscurrency:recipes/misc/traders/card_display/oak/orange": {
    "criteria": {
      "money": "2024-10-24 00:20:19 +0000"
    },
    "done": true
  },
  "lightmanscurrency:recipes/misc/coins/coinblock_diamond_from_pile": {
    "criteria": {
      "money": "2024-10-24 00:20:19 +0000"
    },
    "done": true
  },
  "lightmanscurrency:recipes/misc/upgrades/coin_chest_magnet_upgrade_1": {
    "criteria": {
      "money": "2024-10-24 00:20:19 +0000"
    },
    "done": true
  },
  "lightmanscurrency:recipes/misc/upgrades/coin_chest_magnet_upgrade_2": {
    "criteria": {
      "money": "2024-10-24 00:20:19 +0000"
    },
    "done": true
  },
  "lightmanscurrency:recipes/misc/traders/card_display/bamboo/orange": {
    "criteria": {
      "money": "2024-10-24 00:20:19 +0000"
    },
    "done": true
  },
  "lightmanscurrency:recipes/misc/upgrades/coin_chest_magnet_upgrade_3": {
    "criteria": {
      "money": "2024-10-24 00:20:19 +0000"
    },
    "done": true
  },
  "lightmanscurrency:recipes/misc/upgrades/coin_chest_magnet_upgrade_4": {
    "criteria": {
      "money": "2024-10-24 00:20:19 +0000"
    },
    "done": true
  },
  "lightmanscurrency:recipes/misc/auction_stand/cherry": {
    "criteria": {
      "money": "2024-10-24 00:20:19 +0000"
    },
    "done": true
  },
  "lightmanscurrency:recipes/misc/upgrades/coin_chest_security_upgrade": {
    "criteria": {
      "money": "2024-10-24 00:20:19 +0000"
    },
    "done": true
  },
  "simplemagnets:recipes/misc/basicmagnet": {
    "criteria": {
      "recipe_condition": "2024-10-24 00:01:42 +0000"
    },
    "done": true
  },
  "lightmanscurrency:recipes/misc/traders/card_display/crimson/light_blue": {
    "criteria": {
      "money": "2024-10-24 00:20:19 +0000"
    },
    "done": true
  },
  "lightmanscurrency:recipes/misc/traders/armor_display": {
    "criteria": {
      "money": "2024-10-24 00:20:19 +0000"
    },
    "done": true
  },
  "lightmanscurrency:recipes/misc/traders/paygate": {
    "criteria": {
      "money": "2024-10-24 00:20:19 +0000"
    },
    "done": true
  },
  "lightmanscurrency:currency/root": {
    "criteria": {
      "coin": "2024-10-24 00:20:19 +0000"
    },
    "done": true
  },
  "minecolonies:recipes/misc/chainmailchestplate": {
    "criteria": {
      "has_iron": "2024-10-24 00:01:42 +0000"
    },
    "done": true
  },
  "create:recipes/misc/crafting/kinetics/empty_blaze_burner": {
    "criteria": {
      "has_item": "2024-10-24 00:01:42 +0000"
    },
    "done": true
  },
  "lightmanscurrency:recipes/misc/traders/freezer/blue": {
    "criteria": {
      "money": "2024-10-24 00:20:19 +0000"
    },
    "done": true
  },
  "lightmanscurrency:recipes/misc/coins/coin_iron_from_pile": {
    "criteria": {
      "money": "2024-10-24 00:20:19 +0000"
    },
    "done": true
  },
  "lightmanscurrency:recipes/misc/traders/vending_machine/dye_yellow": {
    "criteria": {
      "money": "2024-10-24 00:20:19 +0000"
    },
    "done": true
  },
  "lightmanscurrency:recipes/misc/traders/card_display/cherry/gray": {
    "criteria": {
      "money": "2024-10-24 00:20:19 +0000"
    },
    "done": true
  },
  "lightmanscurrency:recipes/misc/traders/shelf/birch": {
    "criteria": {
      "money": "2024-10-24 00:20:19 +0000"
    },
    "done": true
  },
  "lightmanscurrency:recipes/misc/traders/freezer/lime": {
    "criteria": {
      "money": "2024-10-24 00:20:19 +0000"
    },
    "done": true
  },
  "supplementaries:recipes/candle_holders/candle_holder_brown": {
    "criteria": {
      "has_iron_ingot": "2024-10-24 00:01:42 +0000"
    },
    "done": true
  },
  "lightmanscurrency:recipes/misc/traders/card_display/mangrove/pink": {
    "criteria": {
      "money": "2024-10-24 00:20:19 +0000"
    },
    "done": true
  },
  "lightmanscurrency:recipes/misc/traders/shelf/acacia": {
    "criteria": {
      "money": "2024-10-24 00:20:19 +0000"
    },
    "done": true
  },
  "lightmanscurrency:recipes/misc/traders/card_display/crimson/orange": {
    "criteria": {
      "money": "2024-10-24 00:20:19 +0000"
    },
    "done": true
  },
  "minecraft:recipes/combat/iron_sword": {
    "criteria": {
      "has_iron_ingot": "2024-10-24 00:01:42 +0000"
    },
    "done": true
  },
  "lightmanscurrency:recipes/misc/traders/card_display/jungle/magenta": {
    "criteria": {
      "money": "2024-10-24 00:20:19 +0000"
    },
    "done": true
  },
  "minecraft:recipes/tools/iron_pickaxe": {
    "criteria": {
      "has_iron_ingot": "2024-10-24 00:01:42 +0000"
    },
    "done": true
  },
  "lightmanscurrency:recipes/misc/traders/large_vending_machine/dye_cyan": {
    "criteria": {
      "money": "2024-10-24 00:20:19 +0000"
    },
    "done": true
  },
  "supplementaries:recipes/iron_gate": {
    "criteria": {
      "has_iron_ingot": "2024-10-24 00:01:42 +0000"
    },
    "done": true
  },
  "minecraft:recipes/combat/shield": {
    "criteria": {
      "has_iron_ingot": "2024-10-24 00:01:42 +0000"
    },
    "done": true
  },
  "lightmanscurrency:recipes/misc/traders/large_vending_machine/dye_black": {
    "criteria": {
      "money": "2024-10-24 00:20:19 +0000"
    },
    "done": true
  },
  "minecolonies:recipes/misc/chainmailboots": {
    "criteria": {
      "has_iron": "2024-10-24 00:01:42 +0000"
    },
    "done": true
  },
  "lightmanscurrency:recipes/misc/traders/card_display/jungle/blue": {
    "criteria": {
      "money": "2024-10-24 00:20:19 +0000"
    },
    "done": true
  },
  "minecraft:recipes/decorations/iron_bars": {
    "criteria": {
      "has_iron_ingot": "2024-10-24 00:01:42 +0000"
    },
    "done": true
  },
  "supplementaries:recipes/candle_holders/candle_holder_black": {
    "criteria": {
      "has_iron_ingot": "2024-10-24 00:01:42 +0000"
    },
    "done": true
  },
  "lightmanscurrency:recipes/misc/traders/bookshelf/acacia": {
    "criteria": {
      "money": "2024-10-24 00:20:19 +0000"
    },
    "done": true
  },
  "lightmanscurrency:recipes/misc/wallet/upgrade_wallet_diamond_to_wallet_netherite": {
    "criteria": {
      "coin": "2024-10-24 00:20:19 +0000"
    },
    "done": true
  },
  "lightmanscurrency:recipes/misc/auction_stand/crimson": {
    "criteria": {
      "money": "2024-10-24 00:20:19 +0000"
    },
    "done": true
  },
  "lightmanscurrency:recipes/misc/traders/card_display/dark_oak/red": {
    "criteria": {
      "money": "2024-10-24 00:20:19 +0000"
    },
    "done": true
  },
  "lightmanscurrency:recipes/misc/traders/shelf2/mangrove": {
    "criteria": {
      "money": "2024-10-24 00:20:19 +0000"
    },
    "done": true
  },
  "lightmanscurrency:recipes/misc/traders/vending_machine/dye_brown": {
    "criteria": {
      "money": "2024-10-24 00:20:19 +0000"
    },
    "done": true
  },
  "lightmanscurrency:recipes/misc/traders/large_vending_machine/dye_green": {
    "criteria": {
      "money": "2024-10-24 00:20:19 +0000"
    },
    "done": true
  },
  "supplementaries:recipes/candle_holders/candle_holder_green": {
    "criteria": {
      "has_iron_ingot": "2024-10-24 00:01:42 +0000"
    },
    "done": true
  },
  "lightmanscurrency:recipes/misc/traders/card_display/oak/magenta": {
    "criteria": {
      "money": "2024-10-24 00:20:19 +0000"
    },
    "done": true
  },
  "lightmanscurrency:recipes/misc/gem_terminal": {
    "criteria": {
      "money": "2024-10-24 00:20:19 +0000"
    },
    "done": true
  },
  "lightmanscurrency:recipes/misc/traders/card_display/cherry/yellow": {
    "criteria": {
      "money": "2024-10-24 00:20:19 +0000"
    },
    "done": true
  },
  "lightmanscurrency:recipes/decorations/coin_jar/piggy_bank": {
    "criteria": {
      "money": "2024-10-24 00:20:19 +0000"
    },
    "done": true
  },
  "lightmanscurrency:recipes/misc/upgrades/create_template": {
    "criteria": {
      "money": "2024-10-24 00:20:19 +0000"
    },
    "done": true
  },
  "lightmanscurrency:recipes/misc/traders/card_display/acacia/orange": {
    "criteria": {
      "money": "2024-10-24 00:20:19 +0000"
    },
    "done": true
  },
  "supplementaries:recipes/candle_holders/candle_holder": {
    "criteria": {
      "has_iron_ingot": "2024-10-24 00:01:42 +0000"
    },
    "done": true
  },
  "lightmanscurrency:recipes/misc/traders/card_display/mangrove/purple": {
    "criteria": {
      "money": "2024-10-24 00:20:19 +0000"
    },
    "done": true
  },
  "lightmanscurrency:currency/myfirstpenny": {
    "criteria": {
      "coin": "2024-10-24 00:20:19 +0000"
    },
    "done": true
  },
  "lightmanscurrency:recipes/misc/gem_terminal_swap": {
    "criteria": {
      "money": "2024-10-24 00:20:19 +0000"
    },
    "done": true
  },
  "lightmanscurrency:recipes/misc/traders/card_display/jungle/lime": {
    "criteria": {
      "money": "2024-10-24 00:20:19 +0000"
    },
    "done": true
  },
  "lightmanscurrency:recipes/misc/traders/card_display/birch/magenta": {
    "criteria": {
      "money": "2024-10-24 00:20:19 +0000"
    },
    "done": true
  },
  "lightmanscurrency:recipes/misc/traders/card_display/warped/magenta": {
    "criteria": {
      "money": "2024-10-24 00:20:19 +0000"
    },
    "done": true
  },
  "lightmanscurrency:recipes/coin_mint/coin_mint/mint_coin_emerald": {
    "criteria": {
      "money": "2024-10-24 00:20:19 +0000"
    },
    "done": true
  },
  "lightmanscurrency:recipes/misc/traders/card_display/birch/orange": {
    "criteria": {
      "money": "2024-10-24 00:20:19 +0000"
    },
    "done": true
  },
  "lightmanscurrency:recipes/misc/traders/card_display/mangrove/black": {
    "criteria": {
      "money": "2024-10-24 00:20:19 +0000"
    },
    "done": true
  },
  "lightmanscurrency:recipes/misc/traders/card_display/oak/light_blue": {
    "criteria": {
      "money": "2024-10-24 00:20:19 +0000"
    },
    "done": true
  },
  "lightmanscurrency:recipes/misc/coins/coinpile_diamond_from_coin": {
    "criteria": {
      "money": "2024-10-24 00:20:19 +0000"
    },
    "done": true
  },
  "lightmanscurrency:recipes/misc/traders/card_display/mangrove/green": {
    "criteria": {
      "money": "2024-10-24 00:20:19 +0000"
    },
    "done": true
  },
  "lightmanscurrency:recipes/misc/traders/shelf/spruce": {
    "criteria": {
      "money": "2024-10-24 00:20:19 +0000"
    },
    "done": true
  },
  "minecraft:recipes/tools/iron_axe": {
    "criteria": {
      "has_iron_ingot": "2024-10-24 00:01:42 +0000"
    },
    "done": true
  },
  "lightmanscurrency:recipes/misc/traders/freezer/orange": {
    "criteria": {
      "money": "2024-10-24 00:20:19 +0000"
    },
    "done": true
  },
  "lightmanscurrency:recipes/misc/portable_terminal_swap": {
    "criteria": {
      "money": "2024-10-24 00:20:19 +0000"
    },
    "done": true
  },
  "lightmanscurrency:recipes/misc/ticket_station": {
    "criteria": {
      "money": "2024-10-24 00:20:19 +0000"
    },
    "done": true
  },
  "lightmanscurrency:recipes/misc/traders/card_display/cherry/cyan": {
    "criteria": {
      "money": "2024-10-24 00:20:19 +0000"
    },
    "done": true
  },
  "lightmanscurrency:recipes/misc/traders/card_display/cherry/red": {
    "criteria": {
      "money": "2024-10-24 00:20:19 +0000"
    },
    "done": true
  },
  "lightmanscurrency:recipes/misc/traders/card_display/birch/cyan": {
    "criteria": {
      "money": "2024-10-24 00:20:19 +0000"
    },
    "done": true
  },
  "lightmanscurrency:recipes/misc/wallet/wallet_iron": {
    "criteria": {
      "coin": "2024-10-24 00:20:19 +0000"
    },
    "done": true
  },
  "lightmanscurrency:recipes/misc/traders/vending_machine_large": {
    "criteria": {
      "money": "2024-10-24 00:20:19 +0000"
    },
    "done": true
  },
  "lightmanscurrency:recipes/misc/coins/coinpile_netherite_from_block": {
    "criteria": {
      "money": "2024-10-24 00:20:19 +0000"
    },
    "done": true
  },
  "lightmanscurrency:recipes/misc/traders/card_display/cherry/magenta": {
    "criteria": {
      "money": "2024-10-24 00:20:19 +0000"
    },
    "done": true
  },
  "mcwbridges:recipes/pliers": {
    "criteria": {
      "has_planks": "2024-10-24 00:01:42 +0000"
    },
    "done": true
  },
  "lightmanscurrency:recipes/misc/traders/card_display/bamboo/magenta": {
    "criteria": {
      "money": "2024-10-24 00:20:19 +0000"
    },
    "done": true
  },
  "supplementaries:recipes/candle_holders/candle_holder_yellow": {
    "criteria": {
      "has_iron_ingot": "2024-10-24 00:01:42 +0000"
    },
    "done": true
  },
  "doggytalents:recipes/building_blocks/dog_bath": {
    "criteria": {
      "has_iron_ingot": "2024-10-24 00:01:42 +0000"
    },
    "done": true
  },
  "create:recipes/building_blocks/industrial_iron_block_from_ingots_iron_stonecutting": {
    "criteria": {
      "has_ingots_iron": "2024-10-24 00:01:42 +0000"
    },
    "done": true
  },
  "minecraft:recipes/redstone/iron_door": {
    "criteria": {
      "has_iron_ingot": "2024-10-24 00:01:42 +0000"
    },
    "done": true
  },
  "lightmanscurrency:recipes/coin_mint/coin_mint/mint_coin_copper": {
    "criteria": {
      "money": "2024-10-24 00:20:19 +0000"
    },
    "done": true
  },
  "lightmanscurrency:recipes/misc/traders/card_display/mangrove/white": {
    "criteria": {
      "money": "2024-10-24 00:20:19 +0000"
    },
    "done": true
  },
  "mcwlights:recipes/garden_light": {
    "criteria": {
      "has_wood": "2024-10-24 00:01:42 +0000"
    },
    "done": true
  },
  "lightmanscurrency:recipes/misc/auction_stand/birch": {
    "criteria": {
      "money": "2024-10-24 00:20:19 +0000"
    },
    "done": true
  },
  "lightmanscurrency:recipes/misc/traders/card_display/warped/lime": {
    "criteria": {
      "money": "2024-10-24 00:20:19 +0000"
    },
    "done": true
  },
  "lightmanscurrency:recipes/misc/traders/card_display/dark_oak/orange": {
    "criteria": {
      "money": "2024-10-24 00:20:19 +0000"
    },
    "done": true
  },
  "lightmanscurrency:recipes/misc/traders/card_display/oak/brown": {
    "criteria": {
      "money": "2024-10-24 00:20:19 +0000"
    },
    "done": true
  },
  "lightmanscurrency:recipes/misc/traders/card_display/crimson/blue": {
    "criteria": {
      "money": "2024-10-24 00:20:19 +0000"
    },
    "done": true
  },
  "lightmanscurrency:recipes/misc/traders/card_display/cherry/light_blue": {
    "criteria": {
      "money": "2024-10-24 00:20:19 +0000"
    },
    "done": true
  },
  "lightmanscurrency:recipes/misc/traders/card_display/jungle/black": {
    "criteria": {
      "money": "2024-10-24 00:20:19 +0000"
    },
    "done": true
  },
  "lightmanscurrency:recipes/misc/wallet/upgrade_wallet_iron_to_wallet_diamond": {
    "criteria": {
      "coin": "2024-10-24 00:20:19 +0000"
    },
    "done": true
  },
  "lightmanscurrency:recipes/misc/traders/card_display/dark_oak/lime": {
    "criteria": {
      "money": "2024-10-24 00:20:19 +0000"
    },
    "done": true
  },
  "lightmanscurrency:recipes/misc/traders/vending_machine/dye_orange": {
    "criteria": {
      "money": "2024-10-24 00:20:19 +0000"
    },
    "done": true
  },
  "lightmanscurrency:recipes/misc/traders/card_display/dark_oak/blue": {
    "criteria": {
      "money": "2024-10-24 00:20:19 +0000"
    },
    "done": true
  },
  "supplementaries:recipes/spring_launcher": {
    "criteria": {
      "has_iron_ingot": "2024-10-24 00:01:42 +0000"
    },
    "done": true
  },
  "lightmanscurrency:recipes/misc/traders/card_display/crimson/lime": {
    "criteria": {
      "money": "2024-10-24 00:20:19 +0000"
    },
    "done": true
  },
  "lightmanscurrency:recipes/misc/traders/card_display/dark_oak/white": {
    "criteria": {
      "money": "2024-10-24 00:20:19 +0000"
    },
    "done": true
  },
  "doggytalents:recipes/decorations/superdog_suit": {
    "criteria": {
      "has_iron_ingot": "2024-10-24 00:01:42 +0000"
    },
    "done": true
  },
  "supplementaries:recipes/candle_holders/candle_holder_blue": {
    "criteria": {
      "has_iron_ingot": "2024-10-24 00:01:42 +0000"
    },
    "done": true
  },
  "lightmanscurrency:recipes/misc/upgrades/hopper_upgrade": {
    "criteria": {
      "money": "2024-10-24 00:20:19 +0000"
    },
    "done": true
  },
  "lightmanscurrency:recipes/coin_mint/coin_mint/mint_coin_netherite": {
    "criteria": {
      "money": "2024-10-24 00:20:19 +0000"
    },
    "done": true
  },
  "lightmanscurrency:recipes/misc/traders/card_display/oak/yellow": {
    "criteria": {
      "money": "2024-10-24 00:20:19 +0000"
    },
    "done": true
  },
  "lightmanscurrency:recipes/misc/traders/card_display/birch/red": {
    "criteria": {
      "money": "2024-10-24 00:20:19 +0000"
    },
    "done": true
  },
  "supplementaries:recipes/candle_holders/candle_holder_lime": {
    "criteria": {
      "has_iron_ingot": "2024-10-24 00:01:42 +0000"
    },
    "done": true
  },
  "supplementaries:recipes/lock_block": {
    "criteria": {
      "has_iron_ingot": "2024-10-24 00:01:42 +0000"
    },
    "done": true
  },
  "lightmanscurrency:recipes/misc/atm": {
    "criteria": {
      "money": "2024-10-24 00:20:19 +0000"
    },
    "done": true
  },
  "lightmanscurrency:recipes/misc/traders/card_display/spruce/blue": {
    "criteria": {
      "money": "2024-10-24 00:20:19 +0000"
    },
    "done": true
  },
  "lightmanscurrency:recipes/misc/traders/freezer/brown": {
    "criteria": {
      "money": "2024-10-24 00:20:19 +0000"
    },
    "done": true
  },
  "nethersdelight:recipes/decorations/blackstone_blast_furnace": {
    "criteria": {
      "has_iron": "2024-10-24 00:01:42 +0000"
    },
    "done": true
  },
  "supplementaries:recipes/candle_holders/candle_holder_light_blue": {
    "criteria": {
      "has_iron_ingot": "2024-10-24 00:01:42 +0000"
    },
    "done": true
  },
  "lightmanscurrency:recipes/misc/traders/card_display/bamboo/light_gray": {
    "criteria": {
      "money": "2024-10-24 00:20:19 +0000"
    },
    "done": true
  },
  "lightmanscurrency:recipes/misc/coins/coinpile_iron_from_block": {
    "criteria": {
      "money": "2024-10-24 00:20:19 +0000"
    },
    "done": true
  },
  "lightmanscurrency:recipes/misc/traders/card_display/jungle/green": {
    "criteria": {
      "money": "2024-10-24 00:20:19 +0000"
    },
    "done": true
  },
  "lightmanscurrency:recipes/misc/traders/card_display/spruce/lime": {
    "criteria": {
      "money": "2024-10-24 00:20:19 +0000"
    },
    "done": true
  },
  "lightmanscurrency:recipes/misc/traders/vending_machine/dye_light_blue": {
    "criteria": {
      "money": "2024-10-24 00:20:19 +0000"
    },
    "done": true
  },
  "lightmanscurrency:recipes/misc/traders/shelf2/bamboo": {
    "criteria": {
      "money": "2024-10-24 00:20:19 +0000"
    },
    "done": true
  },
  "minecraft:recipes/tools/shears": {
    "criteria": {
      "has_iron_ingot": "2024-10-24 00:01:42 +0000"
    },
    "done": true
  },
  "lightmanscurrency:recipes/misc/coins/coin_emerald_from_pile": {
    "criteria": {
      "money": "2024-10-24 00:20:19 +0000"
    },
    "done": true
  },
  "lightmanscurrency:recipes/misc/traders/large_vending_machine/dye_red": {
    "criteria": {
      "money": "2024-10-24 00:20:19 +0000"
    },
    "done": true
  },
  "lightmanscurrency:recipes/misc/traders/card_display/bamboo/white": {
    "criteria": {
      "money": "2024-10-24 00:20:19 +0000"
    },
    "done": true
  },
  "lightmanscurrency:recipes/misc/traders/freezer/purple": {
    "criteria": {
      "money": "2024-10-24 00:20:19 +0000"
    },
    "done": true
  },
  "supplementaries:recipes/cage": {
    "criteria": {
      "has_iron_ingot": "2024-10-24 00:01:42 +0000"
    },
    "done": true
  },
  "lightmanscurrency:recipes/misc/traders/card_display/crimson/yellow": {
    "criteria": {
      "money": "2024-10-24 00:20:19 +0000"
    },
    "done": true
  },
  "lightmanscurrency:recipes/misc/traders/card_display/warped/light_blue": {
    "criteria": {
      "money": "2024-10-24 00:20:19 +0000"
    },
    "done": true
  },
  "lightmanscurrency:recipes/misc/traders/large_vending_machine/dye_lime": {
    "criteria": {
      "money": "2024-10-24 00:20:19 +0000"
    },
    "done": true
  },
  "lightmanscurrency:recipes/misc/traders/card_display/birch/brown": {
    "criteria": {
      "money": "2024-10-24 00:20:19 +0000"
    },
    "done": true
  },
  "minecraft:recipes/building_blocks/iron_block": {
    "criteria": {
      "has_iron_ingot": "2024-10-24 00:01:42 +0000"
    },
    "done": true
  },
  "farmersdelight:recipes/decorations/cooking_pot": {
    "criteria": {
      "has_iron_ingot": "2024-10-24 00:01:42 +0000"
    },
    "done": true
  },
  "domum_ornamentum:recipes/tools/architectscutter": {
    "criteria": {
      "has_iron_ingot": "2024-10-24 00:01:42 +0000"
    },
    "done": true
  },
  "lightmanscurrency:recipes/misc/traders/bookshelf/warped": {
    "criteria": {
      "money": "2024-10-24 00:20:19 +0000"
    },
    "done": true
  },
  "supplementaries:recipes/bomb": {
    "criteria": {
      "has_iron_ingot": "2024-10-24 00:01:42 +0000"
    },
    "done": true
  },
  "lightmanscurrency:recipes/misc/traders/card_display/bamboo/yellow": {
    "criteria": {
      "money": "2024-10-24 00:20:19 +0000"
    },
    "done": true
  },
  "lightmanscurrency:recipes/misc/traders/card_display/cherry/brown": {
    "criteria": {
      "money": "2024-10-24 00:20:19 +0000"
    },
    "done": true
  },
  "lightmanscurrency:recipes/misc/coins/coinpile_copper_from_block": {
    "criteria": {
      "money": "2024-10-24 00:20:19 +0000"
    },
    "done": true
  },
  "lightmanscurrency:recipes/misc/cash_register": {
    "criteria": {
      "money": "2024-10-24 00:20:19 +0000"
    },
    "done": true
  },
  "lightmanscurrency:recipes/misc/traders/card_display/acacia/light_blue": {
    "criteria": {
      "money": "2024-10-24 00:20:19 +0000"
    },
    "done": true
  },
  "lightmanscurrency:recipes/misc/traders/card_display/spruce/yellow": {
    "criteria": {
      "money": "2024-10-24 00:20:19 +0000"
    },
    "done": true
  },
  "lightmanscurrency:recipes/misc/traders/bookshelf/birch": {
    "criteria": {
      "money": "2024-10-24 00:20:19 +0000"
    },
    "done": true
  },
  "lightmanscurrency:recipes/coin_mint/coin_mint/melt_coin_emerald": {
    "criteria": {
      "money": "2024-10-24 00:20:19 +0000"
    },
    "done": true
  },
  "lightmanscurrency:recipes/coin_mint/coin_mint/mint_coin_gold": {
    "criteria": {
      "money": "2024-10-24 00:20:19 +0000"
    },
    "done": true
  },
  "lightmanscurrency:recipes/misc/traders/vending_machine/dye_cyan": {
    "criteria": {
      "money": "2024-10-24 00:20:19 +0000"
    },
    "done": true
  },
  "lightmanscurrency:recipes/misc/traders/shelf2/oak": {
    "criteria": {
      "money": "2024-10-24 00:20:19 +0000"
    },
    "done": true
  },
  "lightmanscurrency:recipes/misc/traders/card_display/birch/gray": {
    "criteria": {
      "money": "2024-10-24 00:20:19 +0000"
    },
    "done": true
  },
  "lightmanscurrency:recipes/misc/traders/card_display/bamboo/lime": {
    "criteria": {
      "money": "2024-10-24 00:20:19 +0000"
    },
    "done": true
  },
  "lightmanscurrency:recipes/misc/traders/bookshelf/oak": {
    "criteria": {
      "money": "2024-10-24 00:20:19 +0000"
    },
    "done": true
  },
  "lightmanscurrency:recipes/misc/traders/bookshelf/mangrove": {
    "criteria": {
      "money": "2024-10-24 00:20:19 +0000"
    },
    "done": true
  },
  "lightmanscurrency:recipes/misc/traders/card_display/acacia/pink": {
    "criteria": {
      "money": "2024-10-24 00:20:19 +0000"
    },
    "done": true
  },
  "lightmanscurrency:recipes/misc/traders/card_display/warped/blue": {
    "criteria": {
      "money": "2024-10-24 00:20:19 +0000"
    },
    "done": true
  },
  "lightmanscurrency:recipes/misc/traders/card_display/bamboo/blue": {
    "criteria": {
      "money": "2024-10-24 00:20:19 +0000"
    },
    "done": true
  },
  "lightmanscurrency:recipes/misc/traders/vending_machine/dye_red": {
    "criteria": {
      "money": "2024-10-24 00:20:19 +0000"
    },
    "done": true
  },
  "lightmanscurrency:recipes/misc/traders/card_display/spruce/red": {
    "criteria": {
      "money": "2024-10-24 00:20:19 +0000"
    },
    "done": true
  },
  "lightmanscurrency:recipes/misc/auction_stand/bamboo": {
    "criteria": {
      "money": "2024-10-24 00:20:19 +0000"
    },
    "done": true
  },
  "lightmanscurrency:recipes/misc/coins/coin_copper_from_pile": {
    "criteria": {
      "money": "2024-10-24 00:20:19 +0000"
    },
    "done": true
  },
  "lightmanscurrency:recipes/misc/coins/coin_diamond_from_pile": {
    "criteria": {
      "money": "2024-10-24 00:20:19 +0000"
    },
    "done": true
  },
  "supplementaries:recipes/candle_holders/candle_holder_purple": {
    "criteria": {
      "has_iron_ingot": "2024-10-24 00:01:42 +0000"
    },
    "done": true
  },
  "lightmanscurrency:recipes/misc/traders/card_display/jungle/pink": {
    "criteria": {
      "money": "2024-10-24 00:20:19 +0000"
    },
    "done": true
  },
  "lightmanscurrency:recipes/misc/traders/freezer/pink": {
    "criteria": {
      "money": "2024-10-24 00:20:19 +0000"
    },
    "done": true
  },
  "minecraft:recipes/decorations/lantern": {
    "criteria": {
      "has_iron_ingot": "2024-10-24 00:01:42 +0000"
    },
    "done": true
  },
  "lightmanscurrency:recipes/misc/traders/freezer/light_gray": {
    "criteria": {
      "money": "2024-10-24 00:20:19 +0000"
    },
    "done": true
  },
  "lightmanscurrency:recipes/misc/traders/card_display/dark_oak/black": {
    "criteria": {
      "money": "2024-10-24 00:20:19 +0000"
    },
    "done": true
  },
  "lightmanscurrency:recipes/misc/traders/large_vending_machine/dye_light_gray": {
    "criteria": {
      "money": "2024-10-24 00:20:19 +0000"
    },
    "done": true
  },
  "lightmanscurrency:recipes/misc/wallet/wallet_copper": {
    "criteria": {
      "coin": "2024-10-24 00:20:19 +0000"
    },
    "done": true
  },
  "lightmanscurrency:recipes/misc/traders/large_vending_machine/dye_orange": {
    "criteria": {
      "money": "2024-10-24 00:20:19 +0000"
    },
    "done": true
  },
  "minecraft:recipes/tools/iron_shovel": {
    "criteria": {
      "has_iron_ingot": "2024-10-24 00:01:42 +0000"
    },
    "done": true
  },
  "nethersdelight:recipes/tools/iron_machete": {
    "criteria": {
      "has_iron_ingot": "2024-10-24 00:01:42 +0000"
    },
    "done": true
  },
  "mcwdoors:recipes/metal": {
    "criteria": {
      "has_wood": "2024-10-24 00:01:42 +0000"
    },
    "done": true
  },
  "lightmanscurrency:recipes/misc/traders/card_display/crimson/red": {
    "criteria": {
      "money": "2024-10-24 00:20:19 +0000"
    },
    "done": true
  },
  "lightmanscurrency:recipes/misc/wallet/upgrade_wallet_gold_to_wallet_diamond": {
    "criteria": {
      "coin": "2024-10-24 00:20:19 +0000"
    },
    "done": true
  },
  "lightmanscurrency:recipes/coin_mint/coin_mint/mint_coin_diamond": {
    "criteria": {
      "money": "2024-10-24 00:20:19 +0000"
    },
    "done": true
  },
  "lightmanscurrency:recipes/misc/wallet/wallet_gold": {
    "criteria": {
      "coin": "2024-10-24 00:20:19 +0000"
    },
    "done": true
  },
  "lightmanscurrency:recipes/misc/traders/card_display/mangrove/brown": {
    "criteria": {
      "money": "2024-10-24 00:20:19 +0000"
    },
    "done": true
  },
  "minecolonies:recipes/misc/chainmailhelmet": {
    "criteria": {
      "has_iron": "2024-10-24 00:01:42 +0000"
    },
    "done": true
  },
  "lightmanscurrency:recipes/misc/wallet/upgrade_wallet_iron_to_wallet_gold": {
    "criteria": {
      "coin": "2024-10-24 00:20:19 +0000"
    },
    "done": true
  },
  "lightmanscurrency:recipes/misc/coins/coinblock_iron_from_pile": {
    "criteria": {
      "money": "2024-10-24 00:20:19 +0000"
    },
    "done": true
  },
  "lightmanscurrency:recipes/misc/traders/card_display/dark_oak/green": {
    "criteria": {
      "money": "2024-10-24 00:20:19 +0000"
    },
    "done": true
  },
  "lightmanscurrency:recipes/misc/traders/card_display/oak/blue": {
    "criteria": {
      "money": "2024-10-24 00:20:19 +0000"
    },
    "done": true
  },
  "lightmanscurrency:recipes/misc/traders/card_display/oak/red": {
    "criteria": {
      "money": "2024-10-24 00:20:19 +0000"
    },
    "done": true
  },
  "lightmanscurrency:recipes/misc/traders/vending_machine/dye_green": {
    "criteria": {
      "money": "2024-10-24 00:20:19 +0000"
    },
    "done": true
  },
  "lightmanscurrency:recipes/misc/traders/card_display/bamboo/purple": {
    "criteria": {
      "money": "2024-10-24 00:20:19 +0000"
    },
    "done": true
  },
  "lightmanscurrency:recipes/misc/traders/card_display/birch/pink": {
    "criteria": {
      "money": "2024-10-24 00:20:19 +0000"
    },
    "done": true
  },
  "lightmanscurrency:recipes/misc/traders/card_display/spruce/light_blue": {
    "criteria": {
      "money": "2024-10-24 00:20:19 +0000"
    },
    "done": true
  },
  "lightmanscurrency:recipes/misc/traders/card_display/cherry/purple": {
    "criteria": {
      "money": "2024-10-24 00:20:19 +0000"
    },
    "done": true
  },
  "lightmanscurrency:recipes/misc/traders/card_display/warped/orange": {
    "criteria": {
      "money": "2024-10-24 00:20:19 +0000"
    },
    "done": true
  },
  "minecraft:recipes/combat/crossbow": {
    "criteria": {
      "has_iron_ingot": "2024-10-24 00:01:42 +0000"
    },
    "done": true
  },
  "lightmanscurrency:recipes/misc/auction_stand/dark_oak": {
    "criteria": {
      "money": "2024-10-24 00:20:19 +0000"
    },
    "done": true
  },
  "lightmanscurrency:recipes/misc/traders/card_display/jungle/white": {
    "criteria": {
      "money": "2024-10-24 00:20:19 +0000"
    },
    "done": true
  },
  "lightmanscurrency:recipes/misc/traders/card_display/jungle/light_gray": {
    "criteria": {
      "money": "2024-10-24 00:20:19 +0000"
    },
    "done": true
  },
  "lightmanscurrency:recipes/misc/traders/bookshelf/cherry": {
    "criteria": {
      "money": "2024-10-24 00:20:19 +0000"
    },
    "done": true
  },
  "lightmanscurrency:recipes/misc/wallet/wallet_netherite": {
    "criteria": {
      "coin": "2024-10-24 00:20:19 +0000"
    },
    "done": true
  },
  "lightmanscurrency:recipes/misc/traders/card_display/bamboo/brown": {
    "criteria": {
      "money": "2024-10-24 00:20:19 +0000"
    },
    "done": true
  },
  "lightmanscurrency:recipes/misc/traders/card_display/mangrove/gray": {
    "criteria": {
      "money": "2024-10-24 00:20:19 +0000"
    },
    "done": true
  },
  "lightmanscurrency:recipes/misc/wallet/upgrade_wallet_copper_to_wallet_gold": {
    "criteria": {
      "coin": "2024-10-24 00:20:19 +0000"
    },
    "done": true
  },
  "lightmanscurrency:recipes/misc/coins/coin_gold_from_pile": {
    "criteria": {
      "money": "2024-10-24 00:20:19 +0000"
    },
    "done": true
  },
  "lightmanscurrency:recipes/misc/traders/card_display/mangrove/light_blue": {
    "criteria": {
      "money": "2024-10-24 00:20:19 +0000"
    },
    "done": true
  },
  "lightmanscurrency:recipes/misc/terminal": {
    "criteria": {
      "money": "2024-10-24 00:20:19 +0000"
    },
    "done": true
  },
  "lightmanscurrency:recipes/misc/traders/vending_machine/dye_black": {
    "criteria": {
      "money": "2024-10-24 00:20:19 +0000"
    },
    "done": true
  },
  "lightmanscurrency:recipes/misc/traders/card_display/oak/lime": {
    "criteria": {
      "money": "2024-10-24 00:20:19 +0000"
    },
    "done": true
  },
  "lightmanscurrency:recipes/misc/traders/freezer/white": {
    "criteria": {
      "money": "2024-10-24 00:20:19 +0000"
    },
    "done": true
  },
  "lightmanscurrency:recipes/misc/traders/card_display/birch/light_gray": {
    "criteria": {
      "money": "2024-10-24 00:20:19 +0000"
    },
    "done": true
  },
  "lightmanscurrency:recipes/misc/upgrades/coin_chest_exchange_upgrade": {
    "criteria": {
      "money": "2024-10-24 00:20:19 +0000"
    },
    "done": true
  },
  "minecraft:recipes/redstone/heavy_weighted_pressure_plate": {
    "criteria": {
      "has_iron_ingot": "2024-10-24 00:01:42 +0000"
    },
    "done": true
  },
  "lightmanscurrency:recipes/misc/traders/card_display/cherry/pink": {
    "criteria": {
      "money": "2024-10-24 00:20:19 +0000"
    },
    "done": true
  },
  "lightmanscurrency:recipes/misc/coins/coinblock_emerald_from_pile": {
    "criteria": {
      "money": "2024-10-24 00:20:19 +0000"
    },
    "done": true
  },
  "minecraft:recipes/combat/iron_leggings": {
    "criteria": {
      "has_iron_ingot": "2024-10-24 00:01:42 +0000"
    },
    "done": true
  },
  "lightmanscurrency:recipes/misc/traders/card_display/spruce/orange": {
    "criteria": {
      "money": "2024-10-24 00:20:19 +0000"
    },
    "done": true
  },
  "lightmanscurrency:recipes/misc/traders/freezer/black": {
    "criteria": {
      "money": "2024-10-24 00:20:19 +0000"
    },
    "done": true
  },
  "lightmanscurrency:recipes/misc/traders/card_display/acacia/black": {
    "criteria": {
      "money": "2024-10-24 00:20:19 +0000"
    },
    "done": true
  },
  "lightmanscurrency:recipes/misc/traders/freezer/gray": {
    "criteria": {
      "money": "2024-10-24 00:20:19 +0000"
    },
    "done": true
  },
  "lightmanscurrency:recipes/misc/trading_core": {
    "criteria": {
      "money": "2024-10-24 00:20:19 +0000"
    },
    "done": true
  },
  "lightmanscurrency:recipes/misc/traders/shelf2/birch": {
    "criteria": {
      "money": "2024-10-24 00:20:19 +0000"
    },
    "done": true
  },
  "lightmanscurrency:recipes/misc/traders/shelf2/jungle": {
    "criteria": {
      "money": "2024-10-24 00:20:19 +0000"
    },
    "done": true
  },
  "lightmanscurrency:recipes/misc/traders/card_display/acacia/green": {
    "criteria": {
      "money": "2024-10-24 00:20:19 +0000"
    },
    "done": true
  },
  "lightmanscurrency:recipes/misc/traders/card_display/jungle/brown": {
    "criteria": {
      "money": "2024-10-24 00:20:19 +0000"
    },
    "done": true
  },
  "lightmanscurrency:recipes/misc/traders/freezer/green": {
    "criteria": {
      "money": "2024-10-24 00:20:19 +0000"
    },
    "done": true
  },
  "lightmanscurrency:recipes/misc/traders/card_display/spruce/black": {
    "criteria": {
      "money": "2024-10-24 00:20:19 +0000"
    },
    "done": true
  },
  "lightmanscurrency:recipes/misc/traders/card_display/spruce/pink": {
    "criteria": {
      "money": "2024-10-24 00:20:19 +0000"
    },
    "done": true
  },
  "lightmanscurrency:recipes/misc/traders/card_display/crimson/purple": {
    "criteria": {
      "money": "2024-10-24 00:20:19 +0000"
    },
    "done": true
  },
  "lightmanscurrency:recipes/misc/traders/card_display/oak/green": {
    "criteria": {
      "money": "2024-10-24 00:20:19 +0000"
    },
    "done": true
  },
  "supplementaries:recipes/flower_box": {
    "criteria": {
      "has_dirt": "2024-10-24 00:13:11 +0000"
    },
    "done": true
  },
  "lightmanscurrency:recipes/coin_mint/coin_mint/melt_coin_netherite": {
    "criteria": {
      "money": "2024-10-24 00:20:19 +0000"
    },
    "done": true
  },
  "minecraft:recipes/transportation/minecart": {
    "criteria": {
      "has_iron_ingot": "2024-10-24 00:01:42 +0000"
    },
    "done": true
  },
  "minecraft:recipes/tools/iron_hoe": {
    "criteria": {
      "has_iron_ingot": "2024-10-24 00:01:42 +0000"
    },
    "done": true
  },
  "lightmanscurrency:recipes/misc/traders/card_display/mangrove/magenta": {
    "criteria": {
      "money": "2024-10-24 00:20:19 +0000"
    },
    "done": true
  },
  "lightmanscurrency:recipes/misc/traders/large_vending_machine/dye_magenta": {
    "criteria": {
      "money": "2024-10-24 00:20:19 +0000"
    },
    "done": true
  },
  "lightmanscurrency:recipes/misc/traders/card_display/oak/black": {
    "criteria": {
      "money": "2024-10-24 00:20:19 +0000"
    },
    "done": true
  },
  "lightmanscurrency:recipes/misc/upgrades/copy_template": {
    "criteria": {
      "money": "2024-10-24 00:20:19 +0000"
    },
    "done": true
  },
  "lightmanscurrency:recipes/misc/traders/freezer/magenta": {
    "criteria": {
      "money": "2024-10-24 00:20:19 +0000"
    },
    "done": true
  },
  "lightmanscurrency:recipes/coin_mint/coin_mint/melt_coin_iron": {
    "criteria": {
      "money": "2024-10-24 00:20:19 +0000"
    },
    "done": true
  },
  "mcwlights:recipes/lava_lamp": {
    "criteria": {
      "has_wood": "2024-10-24 00:01:42 +0000"
    },
    "done": true
  },
  "lightmanscurrency:recipes/misc/traders/card_display/spruce/green": {
    "criteria": {
      "money": "2024-10-24 00:20:19 +0000"
    },
    "done": true
  },
  "lightmanscurrency:recipes/misc/portable_gem_terminal_swap": {
    "criteria": {
      "money": "2024-10-24 00:20:19 +0000"
    },
    "done": true
  },
  "lightmanscurrency:recipes/misc/traders/vending_machine": {
    "criteria": {
      "money": "2024-10-24 00:20:19 +0000"
    },
    "done": true
  },
  "lightmanscurrency:recipes/misc/traders/shelf/bamboo": {
    "criteria": {
      "money": "2024-10-24 00:20:19 +0000"
    },
    "done": true
  },
  "lightmanscurrency:recipes/misc/traders/shelf2/crimson": {
    "criteria": {
      "money": "2024-10-24 00:20:19 +0000"
    },
    "done": true
  },
  "lightmanscurrency:recipes/misc/auction_stand/mangrove": {
    "criteria": {
      "money": "2024-10-24 00:20:19 +0000"
    },
    "done": true
  },
  "lightmanscurrency:recipes/misc/coins/coinpile_iron_from_coin": {
    "criteria": {
      "money": "2024-10-24 00:20:19 +0000"
    },
    "done": true
  },
  "lightmanscurrency:recipes/misc/coins/coinblock_netherite_from_pile": {
    "criteria": {
      "money": "2024-10-24 00:20:19 +0000"
    },
    "done": true
  },
  "aquaculture:recipes/tools/iron_fillet_knife": {
    "criteria": {
      "has_items": "2024-10-24 00:01:42 +0000"
    },
    "done": true
  },
  "lightmanscurrency:recipes/misc/traders/card_display/jungle/red": {
    "criteria": {
      "money": "2024-10-24 00:20:19 +0000"
    },
    "done": true
  },
  "lightmanscurrency:recipes/coin_mint/coin_mint/melt_coin_copper": {
    "criteria": {
      "money": "2024-10-24 00:20:19 +0000"
    },
    "done": true
  },
  "minecraft:recipes/decorations/chain": {
    "criteria": {
      "has_iron_ingot": "2024-10-24 00:01:42 +0000"
    },
    "done": true
  },
  "lightmanscurrency:recipes/misc/traders/card_display/mangrove/light_gray": {
    "criteria": {
      "money": "2024-10-24 00:20:19 +0000"
    },
    "done": true
  },
  "lightmanscurrency:recipes/misc/traders/shelf2/spruce": {
    "criteria": {
      "money": "2024-10-24 00:20:19 +0000"
    },
    "done": true
  },
  "minecraft:recipes/decorations/smithing_table": {
    "criteria": {
      "has_iron_ingot": "2024-10-24 00:01:42 +0000"
    },
    "done": true
  },
  "lightmanscurrency:recipes/misc/coins/coinblock_copper_from_pile": {
    "criteria": {
      "money": "2024-10-24 00:20:19 +0000"
    },
    "done": true
  },
  "lightmanscurrency:recipes/misc/traders/card_display/spruce/white": {
    "criteria": {
      "money": "2024-10-24 00:20:19 +0000"
    },
    "done": true
  },
  "lightmanscurrency:recipes/misc/traders/card_display/acacia/lime": {
    "criteria": {
      "money": "2024-10-24 00:20:19 +0000"
    },
    "done": true
  },
  "lightmanscurrency:recipes/misc/traders/card_display/warped/pink": {
    "criteria": {
      "money": "2024-10-24 00:20:19 +0000"
    },
    "done": true
  },
  "lightmanscurrency:recipes/misc/traders/card_display/mangrove/yellow": {
    "criteria": {
      "money": "2024-10-24 00:20:19 +0000"
    },
    "done": true
  },
  "lightmanscurrency:recipes/misc/traders/card_display/oak/light_gray": {
    "criteria": {
      "money": "2024-10-24 00:20:19 +0000"
    },
    "done": true
  },
  "lightmanscurrency:recipes/misc/traders/card_display/acacia/blue": {
    "criteria": {
      "money": "2024-10-24 00:20:19 +0000"
    },
    "done": true
  },
  "lightmanscurrency:recipes/misc/traders/card_display/bamboo/pink": {
    "criteria": {
      "money": "2024-10-24 00:20:19 +0000"
    },
    "done": true
  },
  "lightmanscurrency:recipes/misc/traders/card_display/cherry/black": {
    "criteria": {
      "money": "2024-10-24 00:20:19 +0000"
    },
    "done": true
  },
  "lightmanscurrency:recipes/misc/traders/card_display/jungle/cyan": {
    "criteria": {
      "money": "2024-10-24 00:20:19 +0000"
    },
    "done": true
  },
  "lightmanscurrency:recipes/misc/traders/card_display/oak/purple": {
    "criteria": {
      "money": "2024-10-24 00:20:19 +0000"
    },
    "done": true
  },
  "lightmanscurrency:recipes/misc/traders/card_display/crimson/pink": {
    "criteria": {
      "money": "2024-10-24 00:20:19 +0000"
    },
    "done": true
  },
  "supplementaries:recipes/goblet": {
    "criteria": {
      "has_iron_ingot": "2024-10-24 00:01:42 +0000"
    },
    "done": true
  },
  "lightmanscurrency:recipes/misc/traders/card_display/jungle/light_blue": {
    "criteria": {
      "money": "2024-10-24 00:20:19 +0000"
    },
    "done": true
  },
  "simplemagnets:recipes/misc/basic_demagnetization_coil": {
    "criteria": {
      "recipe_condition": "2024-10-24 00:01:42 +0000"
    },
    "done": true
  },
  "lightmanscurrency:recipes/misc/traders/card_display/cherry/green": {
    "criteria": {
      "money": "2024-10-24 00:20:19 +0000"
    },
    "done": true
  },
  "lightmanscurrency:recipes/misc/traders/card_display/acacia/purple": {
    "criteria": {
      "money": "2024-10-24 00:20:19 +0000"
    },
    "done": true
  },
  "lightmanscurrency:recipes/misc/wallet/upgrade_wallet_gold_to_wallet_emerald": {
    "criteria": {
      "coin": "2024-10-24 00:20:19 +0000"
    },
    "done": true
  },
  "lightmanscurrency:recipes/misc/traders/freezer/cyan": {
    "criteria": {
      "money": "2024-10-24 00:20:19 +0000"
    },
    "done": true
  },
  "lightmanscurrency:recipes/misc/atm_swap": {
    "criteria": {
      "money": "2024-10-24 00:20:19 +0000"
    },
    "done": true
  },
  "lightmanscurrency:recipes/misc/traders/card_display/acacia/magenta": {
    "criteria": {
      "money": "2024-10-24 00:20:19 +0000"
    },
    "done": true
  },
  "mcwlights:recipes/iron_stuff": {
    "criteria": {
      "has_wood": "2024-10-24 00:01:42 +0000"
    },
    "done": true
  },
  "lightmanscurrency:recipes/misc/traders/card_display/mangrove/orange": {
    "criteria": {
      "money": "2024-10-24 00:20:19 +0000"
    },
    "done": true
  },
  "lightmanscurrency:recipes/misc/traders/large_vending_machine/dye_yellow": {
    "criteria": {
      "money": "2024-10-24 00:20:19 +0000"
    },
    "done": true
  },
  "lightmanscurrency:recipes/misc/traders/card_display/bamboo/green": {
    "criteria": {
      "money": "2024-10-24 00:20:19 +0000"
    },
    "done": true
  },
  "lightmanscurrency:recipes/misc/traders/card_display/bamboo/black": {
    "criteria": {
      "money": "2024-10-24 00:20:19 +0000"
    },
    "done": true
  },
  "lightmanscurrency:recipes/misc/traders/card_display/cherry/blue": {
    "criteria": {
      "money": "2024-10-24 00:20:19 +0000"
    },
    "done": true
  },
  "lightmanscurrency:recipes/misc/traders/card_display/mangrove/cyan": {
    "criteria": {
      "money": "2024-10-24 00:20:19 +0000"
    },
    "done": true
  },
  "lightmanscurrency:recipes/misc/wallet/wallet_emerald": {
    "criteria": {
      "coin": "2024-10-24 00:20:19 +0000"
    },
    "done": true
  },
  "lightmanscurrency:recipes/misc/traders/card_display/spruce/gray": {
    "criteria": {
      "money": "2024-10-24 00:20:19 +0000"
    },
    "done": true
  },
  "lightmanscurrency:recipes/misc/traders/card_display/cherry/lime": {
    "criteria": {
      "money": "2024-10-24 00:20:19 +0000"
    },
    "done": true
  },
  "lightmanscurrency:recipes/misc/auction_stand/spruce": {
    "criteria": {
      "money": "2024-10-24 00:20:19 +0000"
    },
    "done": true
  },
  "lightmanscurrency:recipes/misc/traders/card_display/dark_oak/light_gray": {
    "criteria": {
      "money": "2024-10-24 00:20:19 +0000"
    },
    "done": true
  },
  "lightmanscurrency:recipes/misc/traders/card_display/mangrove/red": {
    "criteria": {
      "money": "2024-10-24 00:20:19 +0000"
    },
    "done": true
  },
  "lightmanscurrency:recipes/misc/traders/card_display/dark_oak/brown": {
    "criteria": {
      "money": "2024-10-24 00:20:19 +0000"
    },
    "done": true
  },
  "lightmanscurrency:recipes/misc/traders/card_display/bamboo/gray": {
    "criteria": {
      "money": "2024-10-24 00:20:19 +0000"
    },
    "done": true
  },
  "lightmanscurrency:recipes/misc/traders/card_display/cherry/white": {
    "criteria": {
      "money": "2024-10-24 00:20:19 +0000"
    },
    "done": true
  },
  "lightmanscurrency:recipes/misc/traders/shelf/oak": {
    "criteria": {
      "money": "2024-10-24 00:20:19 +0000"
    },
    "done": true
  },
  "lightmanscurrency:recipes/misc/traders/card_display/acacia/red": {
    "criteria": {
      "money": "2024-10-24 00:20:19 +0000"
    },
    "done": true
  },
  "lightmanscurrency:recipes/misc/traders/ticket_kiosk": {
    "criteria": {
      "money": "2024-10-24 00:20:19 +0000"
    },
    "done": true
  },
  "lightmanscurrency:recipes/misc/traders/card_display/birch/lime": {
    "criteria": {
      "money": "2024-10-24 00:20:19 +0000"
    },
    "done": true
  },
  "handcrafted:recipes/misc/bench": {
    "criteria": {
      "has_bench": "2024-10-24 00:01:42 +0000"
    },
    "done": true
  },
  "lightmanscurrency:recipes/misc/traders/large_vending_machine/dye_blue": {
    "criteria": {
      "money": "2024-10-24 00:20:19 +0000"
    },
    "done": true
  },
  "lightmanscurrency:recipes/misc/traders/vending_machine/dye_lime": {
    "criteria": {
      "money": "2024-10-24 00:20:19 +0000"
    },
    "done": true
  },
  "lightmanscurrency:recipes/misc/upgrades/item_capacity_upgrade_3": {
    "criteria": {
      "money": "2024-10-24 00:20:19 +0000"
    },
    "done": true
  },
  "lightmanscurrency:recipes/misc/upgrades/item_capacity_upgrade_4": {
    "criteria": {
      "money": "2024-10-24 00:20:19 +0000"
    },
    "done": true
  },
  "lightmanscurrency:recipes/misc/upgrades/item_capacity_upgrade_1": {
    "criteria": {
      "money": "2024-10-24 00:20:19 +0000"
    },
    "done": true
  },
  "lightmanscurrency:recipes/misc/upgrades/item_capacity_upgrade_2": {
    "criteria": {
      "money": "2024-10-24 00:20:19 +0000"
    },
    "done": true
  },
  "lightmanscurrency:recipes/misc/coinmint": {
    "criteria": {
      "material": "2024-10-24 00:01:42 +0000"
    },
    "done": true
  },
  "lightmanscurrency:recipes/misc/traders/vending_machine/dye_blue": {
    "criteria": {
      "money": "2024-10-24 00:20:19 +0000"
    },
    "done": true
  },
  "lightmanscurrency:recipes/misc/network/item_network_trader_2": {
    "criteria": {
      "money": "2024-10-24 00:20:19 +0000"
    },
    "done": true
  },
  "lightmanscurrency:recipes/misc/network/item_network_trader_3": {
    "criteria": {
      "money": "2024-10-24 00:20:19 +0000"
    },
    "done": true
  },
  "lightmanscurrency:recipes/misc/network/item_network_trader_4": {
    "criteria": {
      "money": "2024-10-24 00:20:19 +0000"
    },
    "done": true
  },
  "lightmanscurrency:recipes/misc/network/item_network_trader_1": {
    "criteria": {
      "money": "2024-10-24 00:20:19 +0000"
    },
    "done": true
  },
  "lightmanscurrency:recipes/misc/traders/bookshelf/dark_oak": {
    "criteria": {
      "money": "2024-10-24 00:20:19 +0000"
    },
    "done": true
  },
  "lightmanscurrency:recipes/misc/traders/card_display/acacia/light_gray": {
    "criteria": {
      "money": "2024-10-24 00:20:19 +0000"
    },
    "done": true
  },
  "lightmanscurrency:recipes/misc/traders/card_display/acacia/white": {
    "criteria": {
      "money": "2024-10-24 00:20:19 +0000"
    },
    "done": true
  },
  "lightmanscurrency:recipes/misc/wallet/upgrade_wallet_emerald_to_wallet_netherite": {
    "criteria": {
      "coin": "2024-10-24 00:20:19 +0000"
    },
    "done": true
  },
  "lightmanscurrency:recipes/misc/auction_stand/jungle": {
    "criteria": {
      "money": "2024-10-24 00:20:19 +0000"
    },
    "done": true
  },
  "lightmanscurrency:recipes/misc/traders/card_display/crimson/black": {
    "criteria": {
      "money": "2024-10-24 00:20:19 +0000"
    },
    "done": true
  },
  "lightmanscurrency:recipes/decorations/coin_jar/sus_jar": {
    "criteria": {
      "money": "2024-10-24 00:20:19 +0000"
    },
    "done": true
  },
  "lightmanscurrency:recipes/misc/traders/card_display/birch/blue": {
    "criteria": {
      "money": "2024-10-24 00:20:19 +0000"
    },
    "done": true
  },
  "lightmanscurrency:recipes/misc/coins/coinblock_gold_from_pile": {
    "criteria": {
      "money": "2024-10-24 00:20:19 +0000"
    },
    "done": true
  },
  "supplementaries:recipes/candle_holders/candle_holder_cyan": {
    "criteria": {
      "has_iron_ingot": "2024-10-24 00:01:42 +0000"
    },
    "done": true
  },
  "lightmanscurrency:recipes/misc/traders/card_display/oak/pink": {
    "criteria": {
      "money": "2024-10-24 00:20:19 +0000"
    },
    "done": true
  },
  "cuisinedelight:recipes/misc/spatula_from_iron_ingot_stonecutting": {
    "criteria": {
      "has_iron_ingot": "2024-10-24 00:01:42 +0000"
    },
    "done": true
  },
  "lightmanscurrency:recipes/misc/traders/card_display/jungle/orange": {
    "criteria": {
      "money": "2024-10-24 00:20:19 +0000"
    },
    "done": true
  },
  "supplementaries:recipes/pulley": {
    "criteria": {
      "has_iron_ingot": "2024-10-24 00:01:42 +0000"
    },
    "done": true
  },
  "lightmanscurrency:recipes/misc/traders/card_display/spruce/brown": {
    "criteria": {
      "money": "2024-10-24 00:20:19 +0000"
    },
    "done": true
  },
  "lightmanscurrency:recipes/misc/traders/shelf/mangrove": {
    "criteria": {
      "money": "2024-10-24 00:20:19 +0000"
    },
    "done": true
  },
  "lightmanscurrency:recipes/misc/traders/card_display/jungle/gray": {
    "criteria": {
      "money": "2024-10-24 00:20:19 +0000"
    },
    "done": true
  },
  "lightmanscurrency:recipes/misc/traders/card_display/oak/white": {
    "criteria": {
      "money": "2024-10-24 00:20:19 +0000"
    },
    "done": true
  },
  "lightmanscurrency:recipes/misc/upgrades/network_upgrade": {
    "criteria": {
      "money": "2024-10-24 00:20:19 +0000"
    },
    "done": true
  },
  "doggytalents:recipes/building_blocks/food_bowl": {
    "criteria": {
      "has_iron_ingot": "2024-10-24 00:01:42 +0000"
    },
    "done": true
  },
  "lightmanscurrency:recipes/misc/traders/card_display/birch/purple": {
    "criteria": {
      "money": "2024-10-24 00:20:19 +0000"
    },
    "done": true
  },
  "lightmanscurrency:recipes/misc/traders/card_display/crimson/white": {
    "criteria": {
      "money": "2024-10-24 00:20:19 +0000"
    },
    "done": true
  },
  "lightmanscurrency:recipes/misc/coins/coinpile_gold_from_block": {
    "criteria": {
      "money": "2024-10-24 00:20:19 +0000"
    },
    "done": true
  },
  "lightmanscurrency:recipes/misc/traders/card_display/warped/yellow": {
    "criteria": {
      "money": "2024-10-24 00:20:19 +0000"
    },
    "done": true
  },
  "DataVersion": 3465
}